단지명,단위면적가격,도로명
개포6차우성아파트1동~8동,2734,언주로 3
개포래미안포레스트,3088,개포로 264
개포자이,1782,개포로109길 69
개포주공4단지,9024,삼성로 14
개포주공5단지,2838,삼성로4길 17
개포주공6단지,2289,개포로 516
개포주공7단지,2410,개포로 516
경남1,1747,언주로 110
경남2차,2418,언주로 110
디에이치아너힐즈,3975,삼성로 11
래미안블레스티지,3873,선릉로 8
삼익대청아파트,3051,개포로109길 21
새롬(1164-12),1527,논현로2길 34
성원대치2단지아파트,3273,개포로109길 9
우성8,2405,개포로 411
현대2,2168,언주로 107
현대아파트3,2147,개포로 409
거평프리젠,1385,강남대로112길 41
경남논현,1578,언주로116길 12
논현동월드메르디앙,1512,학동로38길 22
논현동한화꿈에그린,1278,논현로111길 39
논현아이파크,2321,언주로 615
더원센트럴,1904,학동로53길 3-8
동부센트레빌,2286,언주로116길 6
동양파라곤,1930,언주로130길 30
동현아파트1~6,1756,언주로146길 18
두산위브1단지,1991,학동로46길 38
두영,1098,논현로124길 8
로체샤르캐슬,1311,언주로136길 16
마일스디오빌,1125,학동로 165
신동아(22),2714,강남대로146길 28
쌍용,1250,도산대로50길 43
아크로힐스논현,2832,언주로 604
요진보네르,822,학동로5길 20
우민,1662,언주로136길 21
지고하임(101동),1062,학동로9길 21
펜트힐루논현,2372,언주로 641
한양수자인어반게이트,1325,봉은사로29길 35
한진로즈힐,2054,도산대로46길 21
한화꿈에그린2차,1651,봉은사로21길 19
(977-),3264,도곡로93길 23
개포우성1,3845,선릉로 120
개포우성2,2940,선릉로 120
대우아이빌멤버스(891-26),957,삼성로85길 42
대우아이빌명문가(891-23),1030,선릉로90길 56
대치SKVIEW,3204,삼성로51길 25
대치동우정에쉐르1,1356,삼성로85길 38
대치삼성,2619,도곡로78길 22
대치아이파크,3333,선릉로 222
"대치우성아파트1동,2동,3동,5동,6동,7동",2348,영동대로 230
대치현대,2894,삼성로64길 5
래미안대치팰리스,3604,삼성로51길 35
롯데캐슬,2476,삼성로85길 11
선경1차(1동-7동),2831,삼성로 151
선경2차(8동-12동),2969,삼성로 151
선경3차,2763,남부순환로395길 10
선릉역대우아이빌(890-49),950,테헤란로64길 9
쌍용대치2,2392,영동대로 220
"쌍용대치아파트1동,2동,3동,5동,6동",3361,영동대로 210
아름빌(889-74),983,선릉로86길 11
은마,3289,삼성로 212
청암빌라트,1656,남부순환로391길 7
테헤란로대우아이빌(891-6),1197,테헤란로 428
포스코더샵,2086,삼성로 417
한보미도맨션1,2996,삼성로 150
한보미도맨션2,2671,삼성로 150
현대1,2440,영동대로57길 28
PLUMHILLS,1019,남부순환로373길 26
SK허브프리모,1152,강남대로 240
그랜빌캐슬,1664,남부순환로379길 35
대림아크로빌,1952,언주로30길 13
대명비발디,1213,도곡로6길 18
대우디오빌,965,강남대로 256
도곡1차아이파크,2231,도곡로28길 8
도곡3차아이파크,1604,도곡로14길 21
도곡렉슬,3726,선릉로 221
도곡스타빌,1623,남부순환로370길 20
도곡쌍용예가,2093,남부순환로363길 30
도곡우성아파트,2679,남부순환로363길 49
도곡지웰카운티101동,1710,남부순환로373길 3
래미안도곡카운티,3349,도곡로 320
럭키(462),2633,남부순환로 2740
럭키(963),2804,논현로 213
매봉삼성,1795,언주로 203
삼성,1973,남부순환로379길 14
삼성래미안,2797,남부순환로 2803
삼익,2067,논현로 218
아카데미스위트1,1433,언주로30길 21
우성4,2434,언주로 117
우성사원5,3286,언주로29길 34
우성캐릭터199,1936,언주로 118
중명하니빌,1364,남부순환로365길 5
타워팰리스1,2890,언주로30길 56
타워팰리스2,2563,언주로30길 57
타워팰리스3,2500,언주로30길 26
포스코트,1975,남부순환로381길 15
한신엠비씨,2196,논현로 205
현대그린1,2226,논현로51길 25
현대비젼21,1603,언주로30길 10
현대향목빌라트,1270,남부순환로379길 26
힐데스하임빌라,2049,남부순환로377길 26
LG선릉에클라트(A),1042,선릉로100길 42
LG선릉에클라트(B),889,테헤란로63길 12
래미안라클래시,4119,삼성로 651
래미안삼성1차(103-22),2895,영동대로114길 56
레미안삼성1차(101동),2393,영동대로114길 56
롯데캐슬프레미어,2413,선릉로126길 22
삼성동롯데아파트,2975,학동로 432
삼성동롯데캐슬킹덤,1753,선릉로112길 53
삼성동브라운스톤레전드,2009,선릉로 660
삼성동센트럴아이파크,3525,삼성로 629
삼성동중앙하이츠빌리지,3143,학동로68길 30
삼성동헤렌하우스2(82-1),1910,영동대로128길 45
삼성동힐스테이트 1단지,4016,학동로68길 29
삼성월드타워,1905,학동로 408
상지리츠빌카일룸(65-4),2300,삼성로 636
신동아듀크빌,1461,봉은사로113길 33
쌍용플래티넘,1645,봉은사로 474
아델하우스,2275,학동로82길 29
아이파크,3448,영동대로 640
우림루미아트,1408,봉은사로81길 8
우정에쉐르,1603,선릉로130길 33
이안애빌,1670,봉은사로68길 65
진흥아파트,2126,학동로88길 5
채널리저브,2155,삼성로 517
풍림,882,테헤란로77길 22
현대힐스테이트2단지,2798,삼성로111길 8
강남데시앙파크,1399,헌릉로590길 63
강남신동아파밀리에1단지,1653,헌릉로590길 100
강남엘에이치1단지,1619,헌릉로571길 20
세곡푸르지오,1655,자곡로 21
강남 더샵 포레스트,2379,광평로34길 35
강남데시앙포레,2220,광평로34길 55
까치마을,2821,광평로19길 10
수서한아름,1411,광평로51길 22
신동아,2939,광평로47길 17
RudenHouse,1226,강남대로162길 41-8
강남상가,906,압구정로2길 46
대성아파트,1029,논현로151길 45
로데오현대,1690,압구정로50길 28
신사동씨티빌,917,강남대로162길 27-26
압구정하이츠파크,2817,압구정로42길 78
유로미아파트A동,1486,압구정로14길 16
토미,1410,논현로158길 17
현대썬앤빌,1600,도산대로 225
현대아인빌,1322,압구정로22길 29
미성2차,4291,압구정로 113
신현대11차,3060,압구정로 151
신현대12차,3187,압구정로 151
신현대9차,3018,압구정로 151
한양1차(영동한양),4873,압구정로 321
한양5,2680,압구정로 401
한양7,3755,압구정로61길 37
현대13차(208~211동),3426,압구정로29길 23
"현대14차(203,204,205,206동)",5119,압구정로29길 57
"현대1차(12,13,21,22,31,32,33동)",3637,압구정로29길 71
현대3차(61~64동),4390,압구정로39길 58
"현대6차(78~81,83,84,86,87동)",3694,압구정로 201
"현대7차(73~77,82,85동)",3503,압구정로 201
현대8차(성수현대:91~95동),3645,압구정로 309
Bienestar,2071,선릉로107길 16
e-편한세상,2976,선릉로69길 20
강남센트럴아이파크,3571,테헤란로44길 26
강남역우정에쉐르,1312,테헤란로10길 10
개나리SK뷰,3214,역삼로 315-1
개나리래미안,2939,역삼로 306
개나리푸르지오,3186,역삼로 314
공간쉐르빌,1064,언주로63길 32
대림역삼,2169,언주로 316
대명벨리온,1181,역삼로25길 27
대우디오빌플러스,1053,강남대로84길 33
래미안그레이튼,2780,도곡로43길 20
래미안그레이튼(진달래2차),2733,도곡로43길 21
래미안펜타빌,2293,역삼로 309
리츠빌아파트,914,논현로64길 28
브라운스톤역삼,1610,역삼로 171
상지리츠빌(1호라인),1242,언주로 320
성영forU,1018,선릉로107길 24
에스케이허브젠,1143,역삼로 109
역삼I'PARK,2748,역삼로 307
역삼디오슈페리움,1226,강남대로 324
역삼래미안,3356,선릉로69길 19
역삼르비앙1,908,도곡로11길 13
역삼엔스위트1,778,언주로103길 16
역삼엔스위트102동,1196,언주로103길 14
역삼우정에쉐르2,1510,테헤란로48길 10
역삼자이,3390,언주로 420
역삼푸르지오,3898,언주로 332
요진와이시티미니,1167,역삼로25길 21
우림루미아트1,891,언주로90길 6
은하수,2687,언주로70길 24
이스턴오피스텔,1227,테헤란로14길 13
진넥스빌2,974,언주로86길 7
테헤란아이파크,3043,테헤란로52길 16
한스빌(836),875,도곡로3길 26
한화진넥스빌,1000,언주로86길 11
현대까르띠에710,1930,언주로86길 12
현대휴먼터치빌,960,논현로 565
강남한신휴플러스6단지,1780,밤고개로26길 50
가람,2738,일원로 127
개포한신,1682,개포로110길 43
디에이치자이개포,1786,영동대로 22
디에이치포레센트,2347,개포로110길 38
래미안 개포 루체하임,2727,개포로110길 50
목련타운,2475,광평로19길 15
상록수,2554,광평로10길 15
샘터마을,1440,일원로 120
수서,2744,양재대로55길 12
우성7,2994,개포로110길 15
푸른마을아파트101동~111동,1525,일원로14길 25
한솔마을,1964,광평로10길 6
현대4,2381,개포로110길 21
강남자곡아이파크,2085,자곡로 175
강남한양수자인(4단지),2143,자곡로 260
래미안강남힐즈,2228,자곡로 101
래미안포레,1655,밤고개로21길 25
엘에이치강남힐스테이트,1893,자곡로3길 21
대우로얄카운티3,2029,도산대로83길 23
대우리츠카운티,1829,도산대로83길 35
래미안청담로이뷰,3391,영동대로142길 16
목화,2143,도산대로85길 53
빌폴라리스,2922,압구정로79길 76
삼성청담공원아파트,1935,도산대로96길 39
삼성청담아파트,1860,학동로 405
삼환(101동),1316,학동로77길 49
상지리츠빌카일룸2차,3365,압구정로79길 87
연세청담파크빌,1198,삼성로140길 35
이니그마빌,2459,압구정로62길 17-4
"청담2차이-편한세상(201동,202동,203동)",2119,도산대로70길 25
청담4차이-편한세상,1949,학동로73길 33
청담8차상지리츠빌,1897,도산대로83길 22
청담CJ빌리지,1541,도산대로99길 42
청담건영,3429,도산대로89길 49
청담대림이-편한세상,2090,학동로77길 27
청담대우로얄카운티6차,1988,압구정로71길 20
청담대우멤버스카운티11차,1921,도산대로87길 23
청담대우멤버스카운티8차,1706,도산대로85길 50-10
청담동마크노빌,1593,도산대로59길 25
청담동삼성1차(101동),2034,삼성로133길 20
청담디에브스아파트,1292,도산대로92길 28
청담스위트,1808,학동로73길 13
청담신원아침도시마인,1256,도산대로85길 30
청담아이파크,2355,영동대로142길 25
청담어퍼하우스,3046,학동로81길 28
청담우방아파트,2712,학동로 409
청담자이,3944,영동대로138길 12
청담현대3차아파트,2697,도산대로101길 29
현대한강빌라,2574,도산대로85길 56
휴먼스타빌,2571,도산대로 454
강동리버스트4단지,932,아리수로93가길 110
강동리버스트8단지,1271,아리수로93나길 88
강일리버파크2단지,923,아리수로97길 68
강일리버파크3단지,929,아리수로93길 40
강일리버파크4단지,1286,아리수로97길 19
강일리버파크5단지,1131,아리수로97길 20
강일리버파크6단지,1250,아리수로94길 19
강일리버파크7단지,1202,아리수로98길 25
강일리버파크8단지,885,아리수로94길 72
강일리버파크9단지,1012,고덕로97길 29
고덕리엔파크1단지,1117,상일로 152
고덕리엔파크2단지,1525,고덕로 427
고덕 아이파크,2119,동남로79길 26
고덕그라시움,2288,고덕로 333
고덕센트럴푸르지오,1492,고덕로 399
대우,938,양재대로 1716
래미안힐스테이트고덕,1768,아리수로50길 50
배재현대,1488,고덕로61길 37
아남1,1036,양재대로 1706
SM해그린12차,780,천중로56길 13
강동LG자이,1179,천호대로 1239
강동렘브란트,700,천호대로177길 9
강동역에스케이허브,1018,천호대로 1107
강동와이시티,915,천호대로175길 42
강동큐브,1000,천호대로175길 16
강동큐브(2차),750,진황도로 85
경지Arium,1571,천호대로177길 40
광남캐스빌(389-9),956,천중로44길 75
길동우성,1286,천호대로193길 37
다성이즈빌,774,천중로40길 12
다성이즈빌(349-1),765,천중로 200
다성이즈빌(387-4),1429,천중로42길 68
다성이즈빌(주상복합),765,천중로42길 69
대상,804,천중로 221
라인,1012,천중로50길 48-12
삼익파크맨션,1214,명일로 293
신동아4,864,명일로 260
신암가온,750,천호대로177길 55
에스엠이로빌(379-0),1100,천중로42길 53
에이치비골드빌(103동),1031,성안로 170
예건타워빌,568,양재대로113길 53
예다움,739,천중로49길 11
예전이룸1차,836,양재대로110길 28
예전이룸2차,1000,양재대로122가길 14
율전에버그린아파트,919,양재대로112길 17
이편한세상강동에코포레,1262,천중로 253
주풍그린빌,303,천중로49길 76
청광플러스원(큐브1차),735,천중로42길 70
청광플러스원큐브2차,779,천호대로175길 10
청광플러스원큐브3차,923,진황도로 87
청원파크빌2,810,명일로17길 18
태솔,955,양재대로122길 16
하이브,847,진황도로 100
한빛골드빌1차,808,성안로 176
현대웰하임(101동),775,천중로53길 6
현대웰하임(201동),908,천중로49가길 56
광남캐스빌103동,908,양재대로102길 11
동아,1250,진황도로61길 18
둔촌푸르지오,1441,명일로 172
둔촌하이츠,1425,명일로 113
라이프101동(544)102동(544-1),821,풍성로65길 29
성원,1229,명일로12길 56
세양청마루,784,천호대로 1162
신동아파밀리에,1060,양재대로96길 79
신성둔촌미소지움1,1524,명일로 102
신성둔촌미소지움2,1369,진황도로 212
청호뜨레피움퍼스트아파트,1150,천호대로 1176
초원동아,1102,동남로49길 60-5
한솔솔파크,1111,천호대로198길 36
현대1차아파트,1667,동남로49길 57
현대3,1173,진황도로 211
현대수린나아파트,683,동남로49길 77
고덕주공9,1157,상암로 251
동양타워,808,동남로71길 38
래미안솔베뉴,2373,양재대로 1650
명일우성,1365,고덕로62길 76
명일지에스아파트,1012,상암로51길 61
삼보힐아파트,528,구천면로65길 12
삼익가든,1248,상암로 225
삼익그린2차,1722,고덕로 210
삼환,1357,고덕로62길 29
에스엠해그린,806,상암로 210-32
우성101동,1065,고덕로38길 34-9
태천해오름102동A,639,천중로49길 95
한양,1345,동남로71길 19
현대(고덕),1133,동남로71길 41
현대(명일),1395,양재대로134길 87
고덕롯데캐슬베네루체,1905,상암로79길 88
고덕리엔파크3단지,1140,상일로 74
고덕센트럴IPARK,2051,고덕로80길 99
고덕숲아이파크,2119,고덕로80길 134
고덕아르테온,2271,고덕로 360
고덕자이,1798,상일로 55
중앙하이츠,1610,구천면로 557
갑지하이린,847,강동대로53길 32
강동다온채,881,성안로 11-10
건영아모리움,1200,천호대로176길 10-12
경보그레이스힐,887,풍성로53길 40
광남캐스빌3,1019,성내로6가길 98
늘조은,934,천호대로176길 10-20
다성이즈빌아파트,1265,성내로 91
동남드림빌,766,천호대로 1044-12
드림스빌,744,성안로13길 60
몽촌토성,892,성내로6다길 42
새한올림픽,970,성내로6다길 115
성내동대성,1101,올림픽로62길 39
성내동삼성아파트,1548,풍성로 128
성내스테이,1154,성내로 54
성안마을청구,1178,풍성로 114-1
신일유토빌(603-0),1171,양재대로81길 16
아미캐슬(434-32),979,성내로17길 16
에스케이허브진,1142,천호대로 1092
올림픽파크한양수자인,1435,성내로 80
올림픽파크힐,1006,성안로 18
우성(101동),768,양재대로101길 51-18
이안강동,934,천호대로162길 34
중명,562,강동대로51길 75
집앤사비디아파트,978,성내로 81
코오롱(1차),1347,천호대로168길 25
파라디아,1155,천호옛길 30
파크뷰진도맨션,700,강동대로 143-48
한솔브리즈(199-4),869,천호대로170길 13
한솔파로스,765,양재대로95길 60
한양립스,1067,천호대로176길 10-10
한영해시안아파트,1211,성내로 20
현대,1536,천호옛12길 27
경지리버캐슬,923,상암로4가길 48
내일쎄닛빌,649,고덕로20나길 49
대원,786,고덕로 52
동양넥스빌,952,상암로 41
롯데캐슬퍼스트,2098,고덕로 131
삼성광나루,1167,상암로3길 77
새롬,942,암사길 59
선사현대아파트,1983,상암로 11
암사e편한세상,958,구천면로 365-13
암사라인,1143,올림픽로104길 32
정산(102동),783,올림픽로104길 14
정산(103동),382,올림픽로104길 20
프라이어팰리스,1132,고덕로 130
한강리치팰리스,962,선사로 138
한강현대,1476,올림픽로104길 42
현대홈타운,1360,고덕로27길 36
효정하나플러스,741,구천면로47길 69-18
힐스테이트 강동 리버뷰,1810,올림픽로91길 30
강동역신동아파밀리에,1218,천호대로 1089
강변그대가갤럭시,1190,올림픽로89길 55
강변그대가리버뷰,1548,올림픽로89길 58
골드하임(101동),762,천중로35가길 15
광남벨라스2차아파트,595,양재대로121길 49
광남벨라스2차아파트(53-32),804,양재대로121길 49-7
광남벨라스643V(50-32),633,양재대로121길 16
금호아파트,1374,양재대로 1557
다성이즈빌(320),1146,올림픽로89길 39-4
다성이즈빌아파트(55-25),798,천중로 177
대우한강베네시티,1037,올림픽로 664
동성아파트,472,상암로41길 13
동아코아아파트,1061,구천면로 189
동아하이빌아파트,1000,구천면로 278
두산위브센티움,516,올림픽로70길 61
래미안강동팰리스,1483,천호대로 1077
삼익아파트,816,상암로12길 13
성원아파트,906,진황도로31길 26
성인아파트,705,양재대로133길 19
썬팰리스아파트,881,상암로41길 29
아스하임,1708,올림픽로 663
엘림스퀘어II,1088,구천면로24길 9
우성,1071,구천면로 366
우정아파트,601,양재대로125길 19
우정에쉐르(101동),725,진황도로31길 6
즈믄촌,536,올림픽로79길 7
진넥스빌Ⅲ,993,천호대로 1087
천호2차우림루미아트,838,양재대로121길 22
천호2차이룸아파트,651,양재대로121길 25-6
천호e-편한세상,1235,올림픽로81길 15
천호네스빌,651,성안로25길 40
천호동삼성아파트,1274,성안로25길 6
천호엘크루,903,올림픽로 660
천호태영아파트,1079,천호대로 1055
태천와이드빌,696,천중로17길 42-10
평대미진아파트,792,상암로41길 79
평대보민아파트,691,구천면로68길 38
하이브2,1127,천호대로167길 26
한신아파트,872,구천면로42길 16
현대아파트,1500,진황도로 47-2
현진리버파크,1500,구천면로 144
경남아너스빌,931,삼양로74길 8
경남아너스빌(1356-0),1012,오패산로30길 30
그린힐빌라트,439,솔매로 147-12
꿈의숲롯데캐슬,1125,오현로 56
꿈의숲한신더휴,1161,오패산로 202
꿈의숲해링턴플레이스,1602,오현로 45
두산위브트레지움,1407,삼양로27길 95
두원프라자,592,도봉로 157
래미안트리베라1단지,917,삼양로19길 25
미아1차래미안,1149,삼양로 256
미아동부센트레빌,1190,숭인로7가길 37
미아신구,732,오패산로60길 17-7
미아한일유앤아이,552,월계로21가길 41
벽산라이브파크,1067,솔샘로 159
삼각산아이원,807,삼양로19길 113
삼성래미안트리베라2단지,1190,삼양로27길 19
송천센트레빌,1268,숭인로 39
신대상,1295,도봉로20길 29
에스케이북한산시티,1136,솔샘로 174
젬스톤타운,654,오패산로 176
푸르지오시티,767,도봉로 290
현대(190-2),798,도봉로68길 26
기산그린,619,월계로37길 137
다우(459-63),451,한천로130길 24
동문,1008,오현로 128
번동금호어울림,655,오현로31길 85-7
번동솔그린,881,한천로109길 83
번동한양아파트,652,한천로109길 69
빌드아르떼APT,767,오현로31길 174
수유역두산위브2,1036,덕릉로41길 15
신원,644,월계로37길 87-9
주공1단지,1265,한천로105길 23
주공4단지,714,오현로 207
한진,988,월계로37길 65
해모로아파트,630,오현로 156
현대(148-494),864,오현로 140
FIRSTVIEW,635,삼양로130길 9-21
궁전,438,삼양로131길 30
극동,655,인수봉로72길 4
래미안수유,754,한천로159길 8
부강쉐르빌,443,삼양로129길 11-4
삼성타운,542,삼양로112길 15
세영,322,삼양로 366
수유벽산1차,1000,삼각산로 143-1
수유삼호,714,도봉로 261
수유역하이씨티,833,도봉로71가길 16
수유프리미어엠,611,덕릉로 76
수유현대,695,한천로 1131
오페라하우스,312,인수봉로77길 28
우암센스뷰,655,노해로8길 16
정원,388,4.19로1길 33
진명,452,한천로148길 26
칸타빌수유팰리스,1040,한천로148길 12-13
태솔에버빌,417,삼양로80길 55
태솔캡슬,651,도봉로71가길 35
태솔타운,517,도봉로71가길 30-5
파크(나),354,삼양로131길 11-9
한원힐트리움수유,1037,노해로 104
형인휴아름,542,수유로23길 48
화계맨숀,345,덕릉로 12
두온리치벨리,420,삼양로 670
북한산굿모닝,555,삼양로171길 21
성원상떼빌,560,삼양로 658
가양2단지(성지),1853,허준로 47
가양6단지,1867,허준로 175
가양강나루현대,1356,양천로 507
가양도시개발9-2단지,1735,허준로 234
가양우성,1190,양천로 489
강변,1897,허준로 139
강서한강월드메르디앙,905,허준로 16-9
강서한강자이,1510,양천로55길 55
대림경동아파트,878,허준로 121
동신대아,1030,강서로 532
보광드림타운,690,화곡로72길 56
빛고을우방,1271,양천로 521
한강타운,1107,허준로 23
한보구암마을,1012,허준로 76
향교,606,양천로49길 49-6
공항동부센트레빌,742,남부순환로 11
장미,1129,공항대로2길 61
그린씨티,841,강서로47라길 79
롯데1차,1269,우장산로 38
마곡수명산파크1단지,1190,강서로47길 108
마곡수명산파크2단지,1113,강서로47길 158
마곡수명산파크3단지,1190,수명로1길 110
마곡수명산파크4단지,1441,수명로1길 16
마곡수명산파크5단지,1559,수명로2길 105
마곡수명산파크6단지,905,수명로2길 63
마곡수명산파크7단지,1179,수명로2가길 22
문국,735,강서로47가길 24
보람,753,강서로47길 80
신세계(697-5),673,강서로47다길 10-3
신세계3차101동,707,강서로50길 72
신세계5차,713,우장산로2길 21-22
우장산신일해피트리,837,강서로45길 92-5
우장산태승훼미리,684,우장산로6길 8
우장산힐스테이트,1643,강서로 348
원다벨라빌,548,우장산로6길 21
원당,648,강서로52길 76
월드메르디앙,1517,공항대로42길 54-26
이너스101동,512,강서로47길 83
제이월드에메랄드,774,우장산로8길 28-7
천우네오젠5차,500,우장산로 21-8
청솔101동,814,우장산로8길 23
청솔숲속마을102동,1066,강서로46길 78
청솔해오름,744,공항대로42길 23-8
태승훼미리,867,강서로45길 18
가양역두산위브,1520,공항대로45길 15
대동황토방2,1188,공항대로55길 50
"등촌1,2단지주공아파트",1171,강서로68길 36
"등촌7,8단지주공아파트",1634,공항대로43길 104
등촌동아이파크,1190,등촌로 163
등촌라인(조합),1017,화곡로68길 33
등촌퀸즈포디엄삼익,1000,등촌로51가길 35
등촌파밀리에더클래식101동,1417,공항대로53가길 22
등촌파밀리에더클래식201동,1429,공항대로53가길 29
마곡루나플라체,1295,강서로56길 64
보람(640),1059,화곡로 390
부영,1025,강서로56나길 110
삼성한사랑1,1102,양천로66길 6
서광등촌마을아파트,1169,공항대로45길 68-6
신송타워,613,화곡로63길 93
심미에셈빌,733,공항대로59다길 1
임광,1226,등촌로 113
제일(코오롱),1237,화곡로66길 90
주공10,1646,화곡로63가길 71
주공3,1353,강서로56나길 37
주공5,1448,공항대로39길 74
"진로,미주아파트",866,공항대로 351-21
천우네오젠,774,화곡로66길 168
코오롱오투빌2,849,양천로62길 41
코오롱하늘채,1220,공항대로55길 19
태영,1081,양천로 590
태진아름,988,등촌로53길 39
풍성애뜨란아파트,857,공항대로51길 23
한사랑2삼성,1424,공항대로59길 64
해태골든팰리스,762,등촌로51가길 15
마곡13단지힐스테이트마스터,1774,마곡중앙1로 71
마곡엠밸리10단지,1339,마곡중앙1로 72
마곡엠밸리11단지,1585,공항대로 124
마곡엠밸리12단지,1425,공항대로 140
마곡엠밸리2단지,1429,마곡서1로 146
마곡엠밸리5단지,1588,마곡서1로 111-11
마곡엠밸리6단지,1375,마곡서1로 100
마곡엠밸리7단지,1267,마곡서로 133
마곡엠밸리8단지,1369,마곡서1로 81
마곡엠밸리9단지,1262,공항대로 103
마곡엠벨리(14단지),1491,마곡중앙로 33
마곡엠벨리(15단지),1429,마곡중앙로 36
마곡힐스테이트,2136,마곡중앙3로 74
벽산,658,양천로47길 118
신안,1136,양천로30길 123-9
AirPalace(619-7),736,개화동로27가길 33
개화,936,금낭화로 167
개화산경남아너스빌,858,양천로14가길 23
경동팰리스힐,742,양천로14길 44
길성그랑프리텔,649,방화대로 319
대림e-편한세상,1112,양천로6길 57
동성,1133,금낭화로23길 8
마곡센트레빌,1186,양천로24길 13
마곡승윤노블리안아파트,714,방화대로44길 42
마곡우촌아파트,763,금낭화로 36-5
마곡중앙하이츠아파트,1521,양천로6길 28
마곡청구아파트,1110,양천로26길 103
마곡푸르지오,1822,방화대로34길 88
마곡현대아파트,810,양천로 140
방화4단지,657,방화대로47가길 22
방화5,1758,금낭화로 287-19
방화그린,1128,방화대로48길 40
방화동동부센트레빌(875번지),893,방화대로45길 32
방화메이빌,880,금낭화로 162
삼도,515,양천로27길 95
삼성꽃마을,714,양천로18길 27
삼정코아,434,방화동로 126
신라힐,398,초원로 20
신마곡벽산블루밍,1036,양천로10길 38
신세계아파트,766,양천로10길 37
신안네트빌1단지,786,양천로14길 37
신안네트빌2단지,452,양천로14길 61
원미,1204,개화동로27길 43
월드메르디앙101동,691,양천로1길 117
진로,655,금낭화로 258
치현마을동일스위트리버,863,금낭화로24가길 28
한미(286-1),1342,양천로23길 8
한숲마을대림,679,방화대로50길 7
한오,628,양천로14길 86-5
형제,959,개화동로25길 39
홍익,714,양천로7길 8
e편한세상염창,1607,공항대로 583
강변월드메르디앙,1298,양천로63길 51
강변한솔솔파크,1155,양천로63길 38
강변힐스테이트,1119,양천로75길 19
강서쌍용예가,1310,양천로 613
관음삼성,1237,양천로 656
극동상록수,762,공항대로71길 31
금호타운,1280,양천로 595
길훈,1102,양천로65길 45
노블레스아파트,571,공항대로65가길 17
대림,1250,공항대로75길 42
동아3,1492,양천로 731
등촌제이스카이,1500,공항대로 557
리버펠리스1동,845,양천로77길 43
리버펠리스4동,833,양천로77길 27
무학,1407,양천로77길 45
벽산늘푸른,1042,양천로63길 52
삼성하나로,936,양천로73길 5
삼성한마음,1000,양천로 637
삼성한아름,1036,양천로 686-5
삼정그린코아,1644,공항대로75길 30
삼현팰리채,792,양천로73가길 28
염창1차보람더하임,1333,양천로 666
염창1차한화꿈에그린,1726,공항대로75길 17
염창2차한화꿈에그린,1074,공항대로63길 16
염창3우성,833,공항대로63길 14
염창동예성그린캐슬,711,양천로65길 46
염창동한강우성,857,양천로67길 77
우성2,857,양천로67길 54
이너스내안에,1280,양천로75길 22-21
일신건영휴먼빌,940,양천로71가길 22
지오빌,673,양천로67길 50-33
태진한솔,1293,공항대로71길 54
한강동아,1009,양천로73길 80
한울밸리움,1848,공항대로 531
AndPra레지던스,933,곰달래로 110-1
NS파크APT,959,화곡로 176-22
SPACE(920-5),684,곰달래로 86
가화(424-59)나동,508,곰달래로17길 29-20
강동,397,까치산로 88-15
강서그랜드아이파크주상복합,706,화곡로 341
강서뉴타워,869,화곡로18길 24
강서동도센트리움,707,공항대로46길 28
강서아이파크,819,화곡로 296
강서크라운팰리스,1275,화곡로 305
강서힐스테이트,1696,우현로 67
거성훼미리(29-68),407,까치산로16길 6
경동엠파이어스테이트,936,화곡로 344
계명아파트나동,513,강서로 43-22
계명아파트다동,615,강서로 43-18
궁전(912-1)B동,505,강서로5나길 83
근상프리즘(342-35),798,강서로12길 8-8
꿈동산(355-22),441,곰달래로15가길 34-16
남광아파트,689,곰달래로22길 18
남광아파트(1131-11),461,화곡로58길 54
대림e편한세상,791,월정로 160
디아인스,1239,곰달래로 122
로얄홈타운(102동),792,강서로5나길 130-9
로즈힐(1101-3),305,화곡로59길 37-16
루체비스타,917,강서로10길 19
리치아파트,1100,월정로20길 60
명지해드는터,738,등촌로13아길 44
벨라팰리스,952,곰달래로23길 26
보람쉬움1,735,화곡로14길 19
삼백,426,곰달래로20길 31-11
삼성다빈치(917-14),807,강서로7길 70
서림골드,525,화곡로35길 23-17
서부인터빌아파트,753,화곡로26가길 10
성삼하이츠,816,곰달래로59길 36
성재센트리움,814,곰달래로22길 5
성재센트리움아파트,978,화곡로 176-19
성재센트리움아파트(343-35),707,곰달래로23길 20
세교예지안6차,720,곰달래로18길 25
세림,905,곰달래로24길 4
스위트드림아파트,940,화곡로21길 71-1
스카이(924-10),697,곰달래로18길 15-3
신보,398,까치산로12길 13
신원1차(24-124),421,화곡로42가길 17
에스타워,741,강서로7길 38-6
예지보금자리,436,곰달래로56길 39
오경아파트,1200,강서로8길 9
오케이A,512,까치산로4길 98-25
오케이B,300,까치산로4길 98-23
오화(24-175),403,까치산로12길 7-7
우공아파트,1000,월정로20길 42
우림루미아트아파트,770,강서로45다길 45
우성(343-75),674,곰달래로23길 6
우성트윈캐슬A동,545,초록마을로 71
우영,589,국회대로7길 21
우장산롯데,893,우장산로 92
우장산롯데캐슬,910,공항대로 382
우장산숲아이파크,1261,화곡로31다길 20
"우장산아이파크,이편한세상",1488,강서로 266
우장산에스케이뷰,940,우현로 26
우진,471,강서로7길 77
웰라이빌,557,강서로5나길 104
위하우스아파트,1040,월정로20길 86-4
유림노르웨이숲(919-1),882,곰달래로 96
유원펠리체(924-17),524,곰달래로18길 21
율창(885-1),728,국회대로7길 123
은하,462,강서로37길 75
은하(400-60),471,가로공원로 221
일광2차,455,곰달래로 113
일성스카이빌,576,강서로5나길 50
임탑-A,619,곰달래로20길 31-5
중앙(931-9),379,월정로14길 38
중앙화곡하이츠,964,강서로17가길 46
찬누리,741,월정로20길 78
창대,757,강서로7길 20-28
천우중앙,402,화곡로18길 19
청송평화,378,곰달래로35길 86
초록,1031,강서로45다길 30-27
타워빌,889,강서로43길 28
태경(347-13),446,강서로15길 56
태영(379-56),485,가로공원로77길 21
태영방송인,831,등촌로13자길 74
태창네스트힐,444,초록마을로 121
푸른숲,915,곰달래로35길 116
푸른숲2차(474-18),623,등촌로13자길 39-10
풍원팰리스,744,곰달래로20길 18
프라임팰리스(1024-23),750,강서로33가길 86
프라임하우스(916-5),650,월정로20길 86-8
프라임하우스(916-9),588,월정로20길 82
프라임하우스(925-17),673,월정로20길 68-6
한백e,526,곰달래로20길 31-19
한양아이클래스,654,강서로7길 107
한울에이치밸리움A동,1450,강서로33길 23
한울에이치밸리움B동,905,강서로33길 27
혜성오피아파트,879,강서로 43-6
호용그린피아,566,화곡로43가길 44
화곡6차보람쉬움,714,우장산로15길 47
화곡동복지,477,강서로17라길 3
화곡동복지다동,575,강서로17라길 2
화곡푸르지오,904,화곡로13길 107
화곡한강,598,화곡로31가길 18
황제팰리체,792,곰달래로20길 31
VIP(602-284),818,승방1길 87
관악산대창센시티,712,남현12길 21
관악산대창센시티2차,833,남부순환로260길 119
네스코수피아,1471,승방4길 6
다청림라인씨티,1234,승방4길 20
동송하이클래스,837,승방3가길 31
별장,667,승방1길 101
삼원하이츠11차,784,승방1길 46
송림퍼스트빌,616,승방1길 83
예성2차그린캐슬,940,남현7길 3
예성그랑펠리체,1217,승방길 66
풍산캐슬,613,남부순환로256길 16
하이파크,1188,남현길 96
흥화브라운빌,1136,남현길 144
(685-103),492,당곡2길 109-11
WS타워,1053,은천로 110
e편한세상서울대입구1단지,1607,청룡10길 45
e편한세상서울대입구2단지,1190,청룡16길 43
e편한세상서울대입구2차,1554,참숯1길 19
관악동부센트레빌,1195,은천로33길 5
관악드림(동아),1053,성현로 80
관악드림(삼성),1250,성현로 80
관악위버폴리스,827,관악로 195
관악유앤아이,849,은천로 137
관악청광플러스원,1012,은천로15길 16
관악캠퍼스타워,580,남부순환로 1802
관악태우미소가,948,행운1마길 2
관악파크푸르지오,1274,행운10길 21
관악푸르지오,1517,관악로30길 27
금강아미움(101동),1169,장군봉1길 6
금강아미움(106동),1071,장군봉1길 14
낙성대현대(296),893,낙성대로 37
낙성대현대아파트,698,남부순환로248길 56
낙성대현대홈타운,1321,솔밭로7길 16
뉴그린아파트,952,관악로6길 99
뉴파크플러스(1608-27),725,남부순환로228길 85
대영,875,청림6길 16
대우디오슈페리움2단지,1125,관악로 168
동아타운,1166,봉천로 576
동원낙성대,945,낙성대역길 19
두산,1542,은천로 86
롯데스카이,994,봉천로 209
마에스트로캠퍼스타운,1069,남부순환로 1773
미래,583,남부순환로 1990
반석푸른숲,1155,인헌16다길 14
벽산블루밍,1305,은천로 93
벽산블루밍3차,1194,은천로15길 24
벽산타운II,1095,구암5가길 49
보라매삼성,1164,보라매로 62
보람(685-100),506,당곡2길 109-13
복권,649,은천로5길 39
봉천동아,1322,관악로 285
봉천우성,1161,관악로30길 12
새진7차,779,인헌16길 35
새진8차,619,인헌16길 47
생모리츠타운,754,쑥고개로 100
서울대역마에스트로,937,남부순환로218길 1
서울대입구삼성,1373,관악로 125
서울대입구아이원(1560-61),1102,청룡길 78
서울대입구한양아이클래스,1133,쑥고개로 123
서희스타힐스,1186,청림3길 10
선경,760,청룡7길 55
신봉,915,양녕로6나길 18
신성새실마을103동,587,관악로6길 76
에메랄드103동,916,은천로34길 24
에메랄드104동,837,은천로34길 20
은천1,982,인헌12길 46-2
은천2단지아파트,1316,인헌12길 46-1
인헌,966,낙성대로15길 66
일두(1021),789,은천로39길 56
코스모블루,857,남부순환로220길 29
푸르빌3차,758,남부순환로230길 94
프라비다1,1077,관악로17길 8
프라비다2,737,남부순환로218길 37
프라비다M,1030,남부순환로 1777-7
하이캐슬,667,성현로 14
현대(관악),935,관악로 304
GS파크뷰,935,신림로 175
G밸리마인드,1429,시흥대로 558-1
LIG대학마을(건영아파트3차),1036,신림로3길 40
관악,726,대학7길 26
관악산휴먼시아1단지,614,난곡로 30
관악산휴먼시아2단지,1186,난곡로 55
국제산장,740,호암로 417
그대家,1102,난곡로 167
금호2,857,신림로3가길 7
늘푸른(569-5),600,조원로12길 28
동부,1244,신원로 26
라이프,678,문성로 86
래디앙아파트,925,대학5길 46
미래한건(1563-78),485,미성7길 5-6
보라매갑을,1047,관천로24길 3
삼성산주공(주공3단지),1000,호암로 399
삼성아트빌(715-32),582,난곡로35길 68
삼성홈타운,942,문성로38길 69-7
성우,763,남부순환로198길 7
신림2차푸르지오,932,난곡로 66
신림동신도브래뉴,635,조원로16길 12
신림스카이아파트,1184,신림로 185
신림큐브,825,신림로66길 42
신림푸르지오,1568,남부순환로 1430
신림현대,1235,신림로29길 8
아데나,667,신사로 82
앰팰리스아파트,1028,신림로 194
우방,1169,관천로27길 2
위드비엠3,1205,난곡로65길 13
윤정,508,조원로14길 16
주공1,754,광신길 160
지붕위애,732,관천로 74
청암두산위브센티움,923,신림로 318
초원,836,미성5길 40
코스모그린,1125,봉천로12길 28
푸리마타운,1100,관천로 38
프라비다트라움,893,신림로65길 27
호등자이젠아파트(1665-9),567,조원중앙로1길 66
힐스테이트뉴포레,1550,조원로 25
광나루현대,1548,아차산로76길 31
광장동현대Ⅰ빌라트,583,광장로7길 31
광장자이,1139,광나루로 595
광장현대9단지,1869,아차산로69길 19
광장힐스테이트,2519,아차산로 537-17
극동1,2190,아차산로 552
극동2,1474,아차산로 552
금호베스트빌,1274,광나루로 579
상록타워아파트,1695,아차산로 540
워커힐,1224,아차산로 637
워커힐 팰리스,644,아차산로78길 18
유진스웰,1121,아차산로78길 7
청구,1786,아차산로 503-23
현대5,1571,아차산로70길 61
"현대8(801동,802동)",1440,아차산로 522
현대8(803동),1429,아차산로 508
현대리버빌,1332,아차산로78가길 17
현대파크빌,2203,아차산로 549
흥화빌라트,767,구천면로 29
e편한세상광진그랜드파크,1391,광나루로 458
강변현대하이엘,823,강변역로4길 34
광남캐스빌(198-4),836,광나루로54길 13
구의강변우성아파트,1310,구의강변로 42
구의현대2단지,1190,광나루로56길 32
구의현대6단지,1196,구의강변로 94
래미안파크스위트,2098,광나루로 545
세양,1429,구의강변로 84
솔렌시아2,997,자양로 172
스타파크,1185,천호대로 700
아차산포레안,1280,천호대로 716
아차산한라아파트,973,영화사로16길 43
은진아파트5차,765,천호대로137길 19
현대13차폴라트리움,1292,구의강변로 102
현대프라임,1949,광나루로56길 29
광진We’vePark,992,광나루로 369
에피소드1,1265,동일로 190
일성파크,1101,군자로12길 46
호동,1014,동일로40길 34
경남,1604,뚝섬로52길 71
골든리버파크,715,뚝섬로36길 38
광진트라팰리스,1845,뚝섬로34길 67
광진하나플러스,1071,뚝섬로46길 74
광진하우스토리한강,1084,구의강변로1길 44
구의현대홈시티,1211,자양로 109
대원리버빌,1035,자양번영로1길 57
더샵스타시티,1528,아차산로 262
래미안프리미어팰리스,1964,아차산로 345
로얄동아,1798,뚝섬로52마길 56
명성,1156,자양번영로6길 33
우방리버파크,1369,능동로4길 78
우성1,1373,뚝섬로41길 20
우성3,1488,뚝섬로35길 32
우성5,1310,뚝섬로 553
유림,738,자양로21길 40
이튼타워리버2차,1702,능동로 50
이튼타워리버3차,1643,능동로 18
이튼타워리버5차,1406,능동로4길 40
자양10차현대홈타운,1393,뚝섬로34길 25-19
자양7차현대홈타운,1055,능동로4길 41
자양8차현대홈타운,1250,뚝섬로36길 19
자양9차현대홈타운,1341,뚝섬로34길 32
자양강변I-Park,2321,뚝섬로36길 75
자양동명진센트라임,1227,아차산로46가길 15
자양동현대,1512,뚝섬로56길 72
자양삼성,1105,뚝섬로40길 45
자양우성7,1774,아차산로36길 39
자양현대6,1475,자양번영로3길 66
자양호반써밋,2000,능동로 69
청정(A),1159,아차산로22길 22
테라팰리스건대2차,1577,아차산로 311
한강극동,1250,능동로3길 53
한강성원,1262,능동로3길 17
한강우성,1375,능동로1길 15
한솔리베르,1855,뚝섬로56가길 28
한영해시안,1488,동일로18길 10
한화꿈에그린,1607,뚝섬로24길 74
광남캐스빌3차,649,천호대로107길 26
삼민,811,긴고랑로15길 32
에스케이,862,용마산로 174
에이탑,520,능동로 437
엘림퍼스트중곡동,1278,동일로 404
주성AURA,936,용마산로1길 48
중곡2단지,1000,긴고랑로1길 55
(20-3),750,광나루로12길 5
광진스위트엠아파트,1036,광나루로20길 23
광진코지웰,907,능동로19길 35
더메종건대,1256,동일로 174
씨즈건대힐스,1132,광나루로20길 17
아스하임(111-102),1460,광나루로 382
캠퍼스프라자,681,동일로22길 81
테라팰리스건대1차,1191,아차산로25길 60
화양타워,705,능동로19길 47
화양현대,1271,동일로24길 5
효성,864,남부순환로 1299
LIPe-푸른아파트,455,개봉로17아길 41-13
개봉동현대아이파크,1310,개봉로2길 133-15
개봉푸르지오,1310,남부순환로 775
거성,574,개봉로15길 91
거성푸르뫼,530,고척로 85
거성푸르뫼2,695,고척로 82
건양,457,개봉로17나길 16
건영,679,고척로21나길 85-6
고운아파트,678,경인로 271
동인,642,서해안로34가길 22
상우,695,남부순환로97길 50
신세기,554,개봉로19길 85
영화,1119,경인로40길 11
창동,616,고척로21나길 48-80
한마을,1186,경인로 382
한양아이클래스구로,902,개봉로23가길 10
경남2,729,고척로52길 21
고척LIG리가1차,905,중앙로12길 7
고척LIG리가2차,833,중앙로12길 17-8
고척월드메르디앙,1048,중앙로8길 11
고척파크푸르지오,1254,중앙로 121
동아한신,983,중앙로6길 17
벽산베스트블루밍,714,고척로60길 30
산업인,667,경인로47다길 43
삼명,895,경서로1길 14
삼익(1단지),610,중앙로15길 132-17
삼익(2단지),881,중앙로15길 125
삼환로즈빌,1143,경인로 343
서울가든,1020,중앙로5길 62
센츄리,869,중앙로12길 12
양우,629,고척로52길 9
"우성,현대아파트",860,중앙로1길 18-19
우성꿈동산,726,경인로47다길 34-7
청솔우성,827,중앙로 101
하이리빙,482,고척로 238
한일유앤아이,726,중앙로15길 151
한효,1043,중앙로5길 24
(716-17),700,구로동로15길 1-6
(717-15)경원주택5동,469,구로동로15길 13-3
(718-22),400,구로동로13길 34-8
(739-29),447,구로동로20길 28-10
(740-11),595,구로동로20길 33
(744-16),491,구로동로20길 46-6
(744-21),485,구로동로20길 46-2
(745-40),343,구로동로12길 16-9
(746-3),566,구로동로8길 38
(747-35),500,도림로3길 35-3
(747-53),521,구로동로18길 44-17
(749-4),489,구로동로20길 58-4
(749-46),539,구로동로20길 64-2
(749-49),556,구로동로20길 64-8
(750-15),390,구로동로8길 50
(750-7),333,구로동로20길 52-10
(751-37),402,구로동로8길 60
(751-5),528,구로동로22길 78-12
(752-10),300,구로동로22길 70-9
(770-4),381,구로동로22길 78-5
(771-2),646,구로동로20길 68-2
(771-30),523,구로동로18길 61-5
(779-13),722,도림로14길 7-4
(779-26),697,도림로14길 13
(780-50),610,도림로12길 5-7
(780-58),645,도림로12길 5-6
(791-21)태영빌라,703,디지털로27라길 32-6
(791-4),568,디지털로27다길 45-6
(792-86),489,디지털로27라길 29-14
(793-24),636,도림로10길 5-13
(793-54),774,도림로10길 5-1
(794-17),626,도림로10길 18-4
(796-51),220,도림로6길 39
(797-19),643,디지털로27라길 6-19
(797-25),538,도림로6길 36-4
(797-5),676,도림로6길 34
(798-21),588,디지털로27길 124-8
(798-22),580,디지털로27길 120-7
(799-11),600,디지털로27라길 15
(806-63)태영빌라,506,구로동로18길 44-28
M센트럴뷰,1120,구로동로42길 9
SR친오애,679,가마산로 286
골드마인(가동),563,가마산로20다길 41
구로두산,982,도림로 59
구로두산위브,1647,디지털로31길 85
구로아트빌라3동,525,도림로3길 15
구로아트빌라5동(806-29),556,구로동로8길 18-12
구로아트빌라9,505,도림로3길 24
구로에스케이뷰,940,새말로 25
구로오네뜨시티,975,가마산로 271
구로지웰,1458,구로동로28길 42
구로현대,994,디지털로 319
그린플러스구로해담채2,842,가마산로27길 11-7
금호,643,공원로 26
뉴홍현솔레디움,713,구로동로42길 77
다울숲,798,가마산로20다길 46
다원그린빌,737,구일로10길 49
대림역경남아너스빌,786,구로중앙로8길 41-23
대림역대성스카이렉스,731,공원로 27
대림역와이즈플레이스,646,가마산로 268
대림역포스큐,1133,공원로 11
대림오페라타워,520,구로중앙로 60
대성아파트(749-11),568,구로동로20길 52-9
대신빌라,535,도림로14길 11
덕영드림,817,구로중앙로34길 17
도림두산베어스타워,607,공원로 47
럭키,1141,도림로 107
로제리움2차,857,가마산로26길 5
마인드에코프라움,983,구로중앙로18길 11
미래타워,622,디지털로32길 92
보광,892,가마산로 231
봉일(797-8),607,도림로6길 36
비즈트위트그린,764,구로중앙로18길 23
비즈트위트레드,900,가마산로 285
비즈트위트레인보우,667,공원로6길 25
비즈트위트블루,719,공원로 15-12
비즈트위트오렌지,767,공원로6가길 8
새솔금호,847,공원로 35
성호메이플라워멤버스빌,512,가마산로 283
송림빌라,512,구로동로12길 4-11
순영웰라이빌1차,898,가마산로27길 24
순영웰라이빌2차,766,가마산로 280
신구로자이,952,구로중앙로 134
신도림로제리움,750,공원로8길 36
신도림롯데아파트,588,새말로 31
신도림태영타운,1214,새말로 93
신도림현대,1188,새말로9길 45
신성미소지움,890,시흥대로161길 50
신안타워,714,구로중앙로 68
쌍용플래티넘노블,714,공원로 40
에덴,283,도림로3길 36
우민늘푸른,762,도림로20길 50
우성(1058),971,구일로8길 31
우성(23),1667,공원로6가길 67
우진체리쉬,550,구로중앙로18길 53
월드,1102,구로중앙로 229
이화우성,1186,도림로22길 8
제일(805-14),600,구로동로 70-4
종인아네스트,688,공원로7길 11
주공2,1922,구일로4길 22
중앙하이츠(1269),982,구로동로47길 24
코원,733,구로중앙로18길 59
태양,464,도림로14길 11-1
하나세인스톤1차,738,구로중앙로28다길 16
하나세인스톤2차,705,가마산로 284
하나세인스톤3차,711,공원로6길 16-22
한신,1271,구일로8길 63
한신빌라,606,디지털로27라길 32-3
한신휴플러스(1280-0),1470,디지털로31길 120
해담채3,862,가마산로27길 11-15
현대로얄,596,가마산로 97
현대상선,747,구일로10길 53
현대연예인,1048,구일로4길 46
현대의보아파트,524,구일로8길 121
희훈타워빌,591,공원로 63
다청림102동(143-0),690,오리로22나길 16-31
대명하이빌101동,597,오리로20길 26-8
대명하이빌102동,621,오리로20길 26-10
SKVIEW,1536,경인로 638
대림1,1644,신도림로 16
대림2,1345,신도림로 16
대림e-편한세상4,1453,경인로65길 16-15
대림e-편한세상5,1429,신도림로 32
대림e-편한세상7,1250,신도림로 56-13
동아1,1780,신도림로 87
동아2,1712,경인로 643
디큐브시티,1270,경인로 662
미성,1423,신도림로11가길 36
신도림 아르디에,1078,경인로66길 19
신도림3차푸르지오,1018,경인로 619-3
신성은하수,1220,경인로66길 5
현대홈타운아파트,1153,신도림로19길 16
금강(343),1133,오리로 1197
다청림,643,서해안로 2281
다청림(356),780,서해안로 2275
동보,631,오리로13가길 30
동부(101동~103동),825,경인로 248-14
동부(105동~106동),880,경인로 248-13
동부골든,803,고척로 49
동선,845,경인로 158
목화수목원아파트101동,597,경인로2길 41
삼천리,698,경인로8길 75
시티월드,532,경인로 176
썬앤빌,857,경인로19가길 40
양지쉐르빌아파트,653,서해안로 2283
영풍마드레빌,815,경인로8길 64
오류동금호어울림,932,고척로 41
오류동삼전솔하임,838,경인로 187
오류동역솔리스타,474,경인로20나길 63
오류동푸르지오,833,오류로8길 11
우림필유,1034,서해안로 2368
우창굿모닝,387,오리로13길 105
이좋은집,528,경인로20나길 30
포스시티,679,경인로20길 6
한백고은,595,고척로 19
한백힐,413,고척로 6
한신플러스타운,949,고척로 52
두양그린B동,266,부일로1길 136-9
리치안풍산,429,부일로1길 126
온수힐스테이트,1190,부일로9길 127
천왕연지타운2단지,881,오리로 1102-10
천왕이펜하우스1단지,1102,천왕로 91
천왕이펜하우스2단지,994,천왕로 92
천왕이펜하우스3단지,833,천왕로 56
천왕이펜하우스4단지,1036,천왕로 29
천왕이펜하우스5단지,845,천왕로 10
천왕이펜하우스6단지,774,천왕로 9
우남퍼스트빌더센트럴,1056,항동로 8
하버라인3단지,1119,항동로 43
한양수자인에듀힐즈,1250,항동로 42
항동중흥에스클래스베르데카운티,1226,연동로 233
현대홈타운스위트,693,연동로13길 25
G밸리페트라힐스,1154,디지털로 207
가산양우내안에애플,975,남부순환로 1266
가산지웰에스테이트,980,가산로 147
가산지웰에스테이트2차,1214,가산로9길 12-8
가산피어니빌,667,디지털로12길 37
드림캐슬2차,417,두산로9가길 30
비즈트위트바이올렛5차,762,디지털로12길 15
주상복합두산,678,가산로 106
하이펠리스,1336,가산로 143
e편한세상독산더타워,1421,범안로 1212
계룡아파트,847,범안로15길 7
금천롯데캐슬골드파크1차,1476,벚꽃로 40
금천롯데캐슬골드파크2차201동202동,1517,벚꽃로 30
금천롯데캐슬골드파크3차,1441,시흥대로 291
금천현대,958,벚꽃로 73
독산동중앙하이츠빌,952,범안로 1136
독산오르페움타워,1025,독산로85길 36
독산주공14단지,1091,한내로 69-54
독산현대,741,범안로17길 12
동양드림아파트,450,독산로58나길 56
동은4차,547,문성로3길 47
리버스타운,806,범안로12길 41
세심아파트,446,독산로80가길 29
세진(1037-31),488,독산로 211
신도브래뉴,1044,시흥대로152길 25
아셈그린힐,534,독산로78다길 22
아이유하임,1148,독산로 293
예전이룸(965-1),831,시흥대로150길 21-58
이랜드해가든,857,벚꽃로6길 3
중앙아파트,806,범안로15길 65
진도1차,873,벚꽃로18길 36
진도2차,720,두산로 36
진도3차아파트,886,범안로17길 41
태영아파트,791,범안로 1158
푸른터,556,남부순환로120길 23
거상장미,381,시흥대로28길 32
거상홈타운801동,300,시흥대로22길 52
관악산벽산타운5,722,금하로 816
금강,643,독산로50길 57-2
남서울건영2,975,독산로10길 96
남서울건영아파트,909,시흥대로59길 35
남서울힐스테이트,1131,시흥대로 165
대도훼미리,473,시흥대로45길 26
럭키남서울아파트,1341,시흥대로47길 43
메르시대신아파트,531,시흥대로12길 28
무지개,1155,시흥대로73길 11
백운한비치5,542,시흥대로12길 10-8
백운한비치Ⅱ,833,금하로23길 52
산호시티빌,726,시흥대로 251
성지,816,시흥대로51길 55
시흥(817-29),538,독산로24나길 13
시흥베르빌,774,시흥대로77길 23
신화아파트(200-4),518,독산로22길 86
애시안아파트,560,탑골로2길 55
예일,386,독산로10길 19
와이즈플레이스,693,시흥대로 236
탑스빌,630,금하로30길 34
힐캐슬,593,시흥대로12길 33
67디벨리움,1018,화랑로 443
건영장미아파트,690,공릉로51길 14-17
공릉2신도브래뉴아파트,595,동일로193길 7
공릉동한보에센시티아파트,966,공릉로46길 19
공릉우성아파트,1017,동일로198길 24
공릉해링턴플레이스,1045,노원로 62
광덕파크빌아파트,577,동일로180길 48-9
노원프레미어스엠코,952,동일로 986
대동아파트2,738,동일로195길 39
대아2차아파트,833,동일로183길 34
대주파크빌아파트,662,섬밭로 52
동부아파트,932,공릉로 206
동신아파트,1042,공릉로 213
두산힐스빌아파트,1192,공릉로 126
미라쉘,938,화랑로 441
비선아파트,1154,화랑로51길 78
비콘아파트,595,공릉로 130
삼익2차아파트,815,공릉로34길 118
삼익4단지아파트,1220,동일로198가길 13
시영2단지(라이프)아파트,1272,동일로198가길 149
시영3차(라이프)아파트,1265,섬밭로 123
신대림아파트,559,동일로193길 8
신도1차아파트,741,동일로191가길 59
신성미소지움아파트,514,공릉로42길 13-14
우방아파트,810,노원로 58
임성아파트,651,동일로192나길 16-14
진명비베레,750,동일로190길 7
참다움아파트,588,동일로190길 11
청솔아파트8,911,노원로1가길 10
청솔아파트9,833,노원로1길 21
청우씨티아파트,446,동일로173가길 90
탑스빌아파트,500,동일로186길 75
태강아파트(아이파크),1136,공릉로34길 62
태릉우성아파트,1318,노원로 29
태릉해링턴플레이스,1483,공릉로34길 86
테라파크뷰,1269,동일로192다길 51
풍림아파트A,1283,섬밭로 139
풍림아파트B,1129,섬밭로 134
하늘공원아파트(102동),583,공릉로 168-5
한일휴니스빌,923,화랑로 421
현대성우아파트,915,공릉로27길 110
화랑대디오베이션,1017,노원로1길 95
화랑해링턴플레이스아파트,627,공릉로34길 45
극동늘푸른,774,동일로246길 39
노원IPARK,540,상계로23다길 13-8
노원센트럴푸르지오,1186,수락산로 12
노원우성,893,상계로7길 18
노원현대,1008,상계로3길 50
대동황토빌라트,466,동일로230길 26
대창센시티,786,수락산로 246
동아불암,932,덕릉로 780
동양엔파트,1095,상계로5길 12
문수해오름,800,노원로26나길 20
미도,908,덕릉로 459-18
미라보(성림),689,덕릉로127길 25
보람1단지,1254,한글비석로 479
보람2단지,1051,한글비석로 480
북부현대,831,동일로237바길 17
불암현대,693,덕릉로118길 29
상계1차중앙하이츠,1085,노원로28길 15
상계1차현대아파트,801,동일로237길 41
상계2차중앙하이츠,1169,노원로 428
상계대림e편한세상,818,동일로239길 68
상계불암대림,794,덕릉로94길 21
상계신동아,714,한글비석로52길 66
상계우방유쉘,702,동일로230가길 15
상계주공1(고층),1220,덕릉로 459-21
상계주공1(저층),845,동일로213길 21
상계주공10(고층),1271,노원로 564
상계주공11(고층),1439,동일로227길 25
상계주공12(고층),1164,한글비석로 530
상계주공13(고층),1189,한글비석로54길 92
상계주공14(고층),1196,수락산로 174
상계주공14(저층),789,동일로228길 23
상계주공16(고층),1068,동일로227길 86
상계주공2(고층),1328,동일로215길 23
상계주공3(고층),1431,동일로215길 48
상계주공4(고층),1500,동일로214길 21
상계주공5(저층),1758,동일로216길 47
상계주공6(고층),1494,노해로 508
상계주공7(고층),1475,상계로1길 92
상계주공9(고층),1347,노원로 532
소담빌,786,노해로85길 10-55
수락리버시티3단지,946,누원로 28
수락리버시티4단지,966,누원로 18
수락산벨리체,847,동일로250길 18
수락파크빌,845,동일로248길 16
수락한신,780,동일로242길 80
수락현대,744,동일로242길 95
우림루미아트201동,714,동일로238길 33
은빛1단지,1021,동일로245길 162
은빛2단지,1102,동일로245가길 41
중계센트럴파크,976,덕릉로70가길 21
청암2단지,1082,덕릉로94가길 20
코오롱,952,노원로26가길 7
포레나노원,1475,노원로38길 76
한신1차,1022,한글비석로46가길 16
한신2차,1067,한글비석로48길 6
한신3차,713,한글비석로46가길 34
한신4차,619,동일로230길 63
현대2차,671,동일로231길 86
현대4차,667,동일로231다길 23
현대하이츠,845,덕릉로109길 27
희락,678,수락산로 190
건양노블레스빌,780,화랑로45길 42-18
꿈의숲SKVIEW,952,월계로42길 97
녹천역두산위브아파트,1048,마들로5길 25
대동,983,광운로 46
동신,1044,광운로2나길 30
롯데캐슬루나,952,월계로45길 21
미륭,1618,마들로 111
사슴3,1394,월계로55길 15
삼능스페이스향,893,석계로18길 23
삼호3,1458,마들로 111
삼호4,1380,마들로 127
성북맨션,1046,석계로 107
성북역신도브래뉴,964,광운로19길 38
성원(사슴4),1194,마들로3길 37
월계센트럴아이파크,1310,초안산로2라길 26
월계역신도브래뉴,714,광운로 132
유원,898,덕릉로60길 252
청백3,1020,월계로45가길 89
청백4,941,월계로45가길 94
초안1,796,덕릉로60길 185
초안2,841,우이천로 102
초안산쌍용스윗닷홈,932,덕릉로60길 222
풍림아이원,1334,화랑로47길 38
한일2,598,석계로13길 6-10
한진한화그랑빌,1135,마들로 31
LIG건영,814,덕릉로 718
건영2,1087,덕릉로 517
건영3,1458,노원로22길 71
금호타운(583),929,중계로12길 24
대림벽산(363),865,한글비석로8길 20
동진,681,중계로16나길 11
롯데(505),851,섬밭로 265
롯데우성,1196,노원로22길 34
삼창타워주상프라자,780,한글비석로 383
상아,1160,섬밭로 265
성원1,1144,덕릉로71길 5
성원2,938,덕릉로89길 8
신동아(366),957,중계로 184
신안동진,1465,중계로 195
양지마을(대림)1,942,덕릉로71길 30
양지마을(대림)2,1096,덕릉로73길 28
염광,763,덕릉로79길 23
이연아마빌레,521,중계로12길 39
정진아트리움,619,덕릉로 721
주공4,1331,덕릉로76길 29
주공6,909,한글비석로8길 41
주공7,1195,한글비석로8길 42
주공8,857,한글비석로5길 62
중계3벽산,1153,덕릉로77길 5
중계3우성,890,덕릉로 613
중계그린1단지,1500,동일로207길 18
중계무지개,1284,동일로208길 20
중앙하이츠아쿠아,1042,공릉로 430
진로유통조합대림,782,중계로14가길 5
청구3,1577,중계로 233
청암3단지(582),887,덕릉로86길 70
한화꿈에그린TheFirst,992,덕릉로83길 9-7
현대(3차),894,중계로 172-13
현대(6차),797,중계로8길 20
현대1(4차),858,중계로8길 106
삼익선경,799,노원로 214
장미(시영6),1320,섬밭로 196
청솔(시영7),1265,공릉로59길 25
하계1청구,1208,한글비석로 91
하계2현대,917,노원로18길 19
학여울청구,1051,동일로207길 186
한신1,1667,공릉로 351
한신2,1143,공릉로 351
한신동성,920,한글비석로 151
도봉산리베니움,500,도봉로181길 74-30
도봉파크빌3,774,마들로 891
동아에코빌,927,도봉로180길 6-23
래미안도봉,940,도봉로170길 40
삼환도봉,712,도봉로180길 6-83
서원,950,마들로 684-19
신도봉,508,도봉로171길 30-5
양우내안애,607,도봉로180나길 20
유원도봉,673,도봉로180길 50
중흥에스-클래스,655,도봉로180가길 32
현대성우,631,마들로 735-8
거성학마을아파트,714,도당로 116
극동아파트,571,시루봉로11길 25-8
금광포란재아파트,1017,도봉로150바길 26
대상타운현대아파트,1119,마들로 616
대원그린아파트,791,방학로 212-11
동부센트레빌아파트,952,방학로 120
동양크레오아파트,714,시루봉로 166
방학동삼성래미안1,669,마들로 646
방학동삼성래미안2,1024,도봉로150길 42
방학지음재힐스,900,도봉로150다길 28
벽산아파트1,667,방학로11길 36
벽산아파트2,593,시루봉로5길 48
부영팰리스,424,방학로6길 20-6
삼익세라믹아파트,881,도당로 37
성원105동,560,방학로7길 30
성진파크뷰아파트,612,도당로 32
송학휴스테이,636,도당로15길 36
신동아아파트1,930,시루봉로 107
신동아아파트2,738,방학로15길 40
신동아아파트3,607,방학로15길 26-7
신동아아파트4,703,방학로 200
신동아아파트5,627,방학로12길 53
신주아파트(A동),403,방학로8길 29
신주아파트B,424,방학로8길 31
우성아파트1,488,해등로 286-5
우성아파트2,593,해등로 307
이에스에이아파트1,766,마들로 657
이에스에이아파트2,782,도봉로150길 43
이에스에이아파트3,750,도봉로150길 31
청구아파트,768,시루봉로 71
퍼스티안,712,도봉로150가길 27
한화성원아파트,593,방학로11길 10
e편한세상,890,노해로41가길 16
그린스테이트,479,시루봉로 2
금호1,707,해등로26길 20
기용,561,도봉로127길 43-10
대웅,536,도당로 18
도봉금강아미움파크타운,647,방학로5길 33
동순미,426,해등로17길 10-5
동익미라벨,689,우이천로32길 67
북한산코오롱하늘채,1018,우이천로 367
브라운스톤쌍문,919,노해로40길 71
삼익세라믹,922,해등로 195
성원하이츠A동,403,도봉로133길 14
솔밭노블리안,897,삼양로 580-11
시그마팰리스,585,도봉로 601
신건영주택A,344,노해로46길 55
신일라이프,679,노해로 184-9
쌍문동LG트윈빌1,329,도당로 10
쌍문동LG트윈빌2,354,도당로 6
쌍문동삼성래미안,1006,우이천로 328
청화,352,우이천로38길 22
풀내음아파트,546,도봉로127길 31-4
피스플하우스,227,도봉로129길 32-13
하루방,506,노해로44길 48
한솔캐스빌,373,도봉로117길 90
한양1,1210,우이천로 304
한양2,1161,해등로 231
한양6,783,시루봉로 58
LIG건영캐스빌,1116,우이천로20길 7
금용,958,우이천로 200
금호어울림,1006,도봉로136가길 68
대우그린,975,덕릉로 371
동도센트리움,823,마들로 579-19
동아그린,1017,노해로63다길 34
동아청솔,1190,노해로69길 103
미소애,922,해등로 139
북한산아이파크5차,1302,도봉로136길 28
상아1차아파트,870,해등로 118
상아2차아파트,1107,노해로63가길 7
새울(715-25),842,해등로 121
스마트트라움,1050,도봉로 504
신창,704,덕릉로62길 13
영창하모니A,349,덕릉로59자길 5
월가타워,597,마들로11가길 6-25
주공17단지,1389,덕릉로66길 17
주공19단지(창동리버타운),1204,노해로70길 19
중흥에스클래스,701,노해로62길 77
창동2차현대,1083,도봉로136길 111
창동신도브래뉴1차,1071,도봉로136나길 40
창동주공18단지,1422,노해로70길 119
창동주공1단지,1461,해등로 113
창동주공2단지,1195,해등로12길 44
창동주공3단지(해등마을),1091,해등로 50
창동주공4단지,805,덕릉로 349
청하아파트B동,435,덕릉로59가길 25
초안산신도브래뉴,833,우이천로4라길 11-14
태영데시앙,1018,도봉로110다길 51
한신APT,429,덕릉로60바길 21
현대조합,1068,해등로16길 12
답십리대우,1373,답십리로41길 33
답십리엘림퍼스트,1096,전농로3길 20
답십리청솔우성,1238,전농로10길 20
답십리파크자이,1881,답십리로56길 105
답십리한화,1077,고미술로 57
동답한신,1414,답십리로 210-30
동서울한양,763,답십리로 184
두산위브,1381,황물로15길 25
래미안미드카운티,1488,답십리로 141
래미안엘파인아파트,1437,한천로37길 33
래미안위브,1714,답십리로 130
보광타워,917,황물로 90
센시티16,714,전농로 16
신답경남,1006,천호대로47길 62
신답극동,1707,서울시립대로 5
우성그린,1203,답십리로59길 33
청계지웰,842,사가정로 6
청계푸르지오시티,1217,천호대로 257
청계한신휴플러스,1322,서울시립대로 14
한원힐트리움아파트,1309,천호대로 221
한일노벨리아,1000,천호대로 289
현대썬앤빌청계,961,고미술로 71
힐스테이트청계,1762,천호대로55길 11
포레스트힐시티,1214,청계천로 443
동대문푸르지오시티(도시형생활주택),947,왕산로 86
래미안 허브리츠,1797,정릉천동로 36
래미안엘리니티,1407,한빛로 49
롯데캐슬피렌체,1226,정릉천동로 58
용두두산위브,1119,정릉천동로 16
용두롯데캐슬리치,1060,한빛로 73
청계한양아이클래스,1343,청계천로 461
청재제일타운,723,왕산로16길 47
대성유니드아파트,1101,한천로58길 151
래미안이문2차,1559,이문로12길 3-10
민족통일MJ캠퍼스외대3차,1278,이문로 91
세진빌딩,1611,이문로 89
신이문금호어울림,714,신이문로 9
이문삼성래미안아파트,1102,천장산로11길 17
주성아우라,692,이문로 199
중앙하이츠빌,1276,외대역동로 101
투니온,500,이문로 190
U-포그니,661,장한로28가길 114
가우디캐슬,880,한천로2길 62
가우디트윈캐슬1,865,한천로24길 74-7
가우디트윈캐슬2,681,한천로24길 74-9
다우하임,784,장한로26가길 11
대성하이빌(B동),490,한천로26길 26-11
동대문더퍼스트데시앙,1310,장한로27가길 37
래미안장안,809,장한로14길 81
래미안장안2차,1302,장안벚꽃로 167
르메이에르장안타운6차,774,장한로26나길 13
선일크라시아,652,장한로26나길 16
신일해피트리1차(564),917,천호대로77길 79
신일해피트리2차(567),816,천호대로77가길 27
아르떼하임,931,장한로 107
우성2차(334-6),789,장한로26길 67
월튼파크뷰(342-21),609,장한로26나길 3
일성트루엘,1017,천호대로83길 71-7
장안뉴시티,594,장한로 105
장안삼성쉐르빌,672,장한로 119
장안위더스빌,764,한천로 42
장안평월드메르디앙2차,1030,천호대로97길 61
장안푸르미에,1067,천호대로97길 9
장안현대홈타운(336),1539,장안벚꽃로 107
장안힐스테이트,1214,장안벚꽃로1길 7
장한평월드메르디앙,1040,천호대로93길 56
제이드파크(382-2),812,장한로21길 11-2
청명에버아트1차,816,장한로21길 19-9
청명에버아트2차,822,장한로21길 19-15
청명에버아트3차,904,장한로23길 11-5
청솔아파트A동,732,장한로23길 7
청솔아파트B동,715,장한로23길 11-3
태솔에버빌3차,654,장한로23길 11-10
태솔타워,659,장한로26가길 86
현대썬앤빌601,600,장한로 91
현대홈타운2차,1095,장한로26다길 84
현대홈타운3차,762,장한로28가길 44
동대문롯데캐슬노블레스,1774,답십리로23길 30
래미안아름숲,952,전농로16길 51
래미안크레시티,1388,사가정로 65
리베르떼,1274,왕산로 250
전농SK,1402,사가정로 148
전농동삼성래미안,1226,전농로 192
전농동신성미소지움,1400,서울시립대로 75
전농동하우스토리,1000,사가정로 122
전농우성,817,사가정로 190
건영스타밸리,968,경동시장로 53
경동미주,867,정릉천동로 80
명경아트빌,601,정릉천동로 112-7
안암골벽산,968,약령시로 25
어진재,1233,회기로 14
청우,625,왕산로19다길 25
효성트럼프,800,제기로2길 51
미주,1307,약령시로 147
홍릉동부,1393,홍릉로10길 48
동일스카이시티3차,426,회기로 108-18
민족통일MJ캠퍼스경희대,1078,이문로 3
베라체캠퍼스,979,이문로 37
신현대,964,이문로1길 21
회기힐스테이트,1190,회기로26길 15
동일스위트리버,976,한천로 300
브라운스톤휘경,982,망우로20길 86
캠퍼스드림오피스텔,1375,이문로 10
휘경SK뷰,1494,휘경로 60
휘경베스트빌현대,946,장안벚꽃로5길 19
휘경센트레빌,1053,외대역동로 14
휘경제이스카이아파트,869,망우로 35
휘경해모로프레스티지,1441,외대역동로1길 60-3
건영(103동-106동),1399,만양로 26
메가스터디타워,1067,노량진로 140
신동아리버파크,1053,만양로 19
은성,1438,장승배기로18길 20-3
그린힐,838,여의대방로36길 16
대림아파트,1366,여의대방로44길 10
대방(375-22),719,대방동2길 42
대방동현대,1202,등용로 127
드림빌라트,706,대방동27길 4
보라매센트럴타운,1672,여의대방로 200
보라매코오롱하늘채,1232,여의대방로24다길 40
신건드림원,815,대방동2길 36
신한토탈,864,등용로14길 34
아데나339,812,여의대방로54길 39
진성마블로스,936,상도로 63
하나마을,537,대방동9길 4
한국개나리,935,여의대방로62길 15
현대홈타운2,1390,알마타길 58
금강KCC,1524,동작대로39가길 55
이수교KCC스위첸,1250,동작대로45길 22
이수힐스테이트,1149,동작대로39길 22
경동윈츠리버,1375,노량진로32길 156
래미안트윈파크,1726,노량진로23가길 23
유원강변,1061,노량진로23가길 20
한강쌍용,1470,노량진로24길 2
한신휴플러스,1107,매봉로 99
경남아너스빌(대아3),1524,동작대로29길 81
극동(105),1193,동작대로29길 119
남성골든빌A동B동,1000,사당로 164-1
남해오네뜨,1051,사당로2가길 173
대림(169-8),1619,사당로17길 52
두성,1129,동작대로29길 77
래미안로이파크,2048,사당로23길 112
르메이에르,1102,사당로20길 119
사당롯데캐슬골든포레,1312,사당로 90
사당우성2,1738,동작대로29길 91
사당우성3,1881,동작대로29길 115
사당자이,1226,사당로2가길 102
사당해그린,1042,사당로2길 40
사당휴먼시아,1356,사당로16길 96
사당휴브리지(206-127),1208,사당로 158
삼성그린(205),938,사당로2가길 202
삼성휘버스,1200,사당로26길 130-6
삼호그린,1186,사당로2가길 188
세림아파트(43-71),972,동작대로35사길 2
신동아5,1441,동작대로29길 118
이너스내안애,999,사당로13길 40
이수역리가,1464,사당로27길 130
인정,898,사당로2길 72
제일,1567,사당로16다길 57
진흥아리엘,976,사당로16아길 43
해맑은,511,남부순환로255나길 18
현대주택조합,667,사당로17길 111
노블리움,524,상도로41길 43
e편한세상상도노빌리티,1763,만양로 6
경향렉스빌,921,양녕로23길 9
대우유로카운티,986,양녕로 287
동원베네스트,1107,상도로34길 42
두산위브트레지움2차,1429,상도로30길 40
래미안상도3차,1360,상도로53길 8
백경,525,장승배기로 64
삼성래미안2,1398,상도로55길 47
상도2차갑을명가,938,국사봉길 175
상도갑을명가1차,881,국사봉길 178
상도고구아파트,1103,매봉로4가길 42
상도동삼호아파트,1169,상도로 407
상도두산위브,1024,상도로30길 39
상도역롯데캐슬파크엘,1534,양녕로 220
상도현대,1102,사당로2길 2-32
상도효성해링턴플레이스,1356,상도로 207
상도휴엔하임,1250,상도로15길 131
쌍용스윗닷홈,1492,상도로 107
씨티아모리움,1046,상도로62길 81-1
이수브라운스톤상도(527-0),1595,상도로31길 19
중앙,654,상도로38길 3-50
청운,460,국사봉18길 24
힐스테이트 상도 센트럴파크,1846,상도로 346-1
힐스테이트 상도 프레스티지,2034,상도로 346-2
경남교수,973,여의대방로10길 14
동작협성휴포레시그니처,964,시흥대로 606
롯데낙천대,1600,여의대방로10길 38
보라매e편한세상,872,보라매로 70
보라매나산스위트,868,보라매로5가길 24
보라매아카데미타워,998,보라매로5가길 16
보라매자이더포레스트,1949,여의대방로22길 121
보라매파크빌,1357,여의대방로10길 59
펭귄,833,여의대방로22나길 47
한성,1432,여의대방로10길 13
롯데캐슬에듀포레,2390,서달로 123
명수대,1886,서달로 158
명수대현대,1369,현충로 119
아크로리버하임,2500,현충로 52
우리유앤미,1289,서달로 83
해가든,1328,서달로 150
흑석동양아파트,1357,서달로1길 17
흑석한강센트레빌,2012,흑석한강로 12
흑석한강센트레빌Ⅱ,1626,서달로 91
흑석한강푸르지오,2024,흑석한강로 27
공덕1삼성래미안,2186,마포대로 115-8
공덕2삼성래미안,1771,마포대로20길 26
공덕3삼성래미안,2508,마포대로7길 22
공덕SK리더스뷰,2262,백범로31길 7
공덕파크자이,1786,백범로 152
공덕현대,1429,마포대로11길 73
래미안공덕4차,1446,마포대로11길 50
래미안공덕5차,2203,마포대로 173-15
롯데캐슬프레지던트,1152,마포대로 109
마포현대,1131,마포대로11길 84
솔리스타,1143,만리재로 113
현대빌라,473,효창원로95길 35
신촌그랑자이(2단지),1983,대흥로 175
신촌포스빌,859,신촌로 150
현대벤처빌,719,백범로 10
마포자이2차,1750,서강대길 40
마포태영,2110,독막로 266
신촌그랑자이(1단지),2339,대흥로 175
고려,926,큰우물로 76
도화동현대,1690,새창로 52
도화현대,1482,새창로 52
마포동원베네스트,1810,도화4길 41
한화오벨리스크,1600,마포대로 33
광남벨라스1동,831,동교로27길 7
강변한신코아,1182,마포대로4다길 18
마포쌍용황금아파트,1476,마포대로4라길 30
비체힐리버뷰,833,마포대로4나길 71
강림스위트빌,901,방울내로11길 147
광남캐스빌,1204,월드컵로31길 33
그린월드,972,방울내로1길 46
노아아크빌,613,방울내로11길 27
뉴성신아파트,780,포은로 143
대상3,1000,월드컵로31길 103
동보프리미아,952,방울내로11길 181
리츠,1241,월드컵로25길 17
마포한강아이파크,1786,희우정로 77
마포한강제이스카이,1286,방울내로 37
미원2,1119,월드컵로29길 68
삼우월드,598,월드컵로11길 37
상암마젤란21,1018,방울내로11길 43
솔루체,1352,방울내로1길 24
솔루체2차아파트,1394,월드컵로31길 116
스카이캐슬,1222,월드컵로29길 14
신부3차파스카,1000,방울내로9안길 98
신부파스카4차,1026,방울내로 43
신부파스카5차,951,방울내로11길 73
영화블렌하임,1121,월드컵로25길 26
참존1차(419-3),1032,망원로 19
한강2차대주피오레,1515,동교로3길 115
한강월드컵,1186,방울내로9안길 64
함성월드빌,1048,망원로11길 73
해오름2차,946,월드컵로17길 67
래미안밤섬리베뉴Ⅰ,2051,독막로20나길 22
래미안밤섬리베뉴Ⅱ,1655,독막로20나길 21
밤섬리버베르빌,1092,와우산로 1
상수두산위브,1125,독막로18길 5
신구강변연가,1447,토정로 136-11
DMC상암센트럴파크1단지,1190,월드컵북로43길 11
DMC상암센트럴파크2단지,1657,월드컵북로42가길 11
상암월드컵파크10단지,1065,월드컵북로 502-36
상암월드컵파크11단지,970,월드컵북로 502-37
상암월드컵파크12단지,1131,월드컵북로 502-7
상암월드컵파크2단지,1864,월드컵북로47길 46
상암월드컵파크4단지,1667,상암산로1길 24
상암월드컵파크5단지,1192,상암산로1길 52
상암월드컵파크6단지,1476,상암산로1길 57
상암월드컵파크7단지,1357,상암산로1길 92
상암월드컵파크9단지,1250,월드컵북로 501
예인하우스,679,월드컵북로43길 38
광남푸른마을,951,양화로7안길 35
대아,1195,와우산로33길 26-7
대우미래사랑,926,월드컵북로5나길 18
메세나폴리스,1757,양화로 45
서교푸르지오,1228,홍익로 10
센트레,765,월드컵북로7길 42
에덴지우,921,동교로17길 45
엘림,781,월드컵북로7길 40
엠제이더퍼스트홍대,1714,양화로 114
라인성서,841,성미산로7안길 26
삼우캐슬,732,성미산로 18
삼익플라주서교2차,654,월드컵북로9길 31
성사1차풍림아파트101동,893,성암로1길 8
성산2차e-편한세상,982,월드컵북로 216
성산시영(대우),2120,월드컵북로 260
성산시영(선경),2280,월드컵북로 235
성산시영(유원),2186,월드컵북로 235
성산월드타운대림,1094,월드컵북로30길 9-22
성산힐아파트,875,성산로6길 37-10
세원,881,월드컵북로 194
월드컵아이파크(667),1048,모래내로9길 6
한림101동,862,새터산5길 17
현대하이츠아파트,935,월드컵로26길 13
공덕프로포즈Ⅱ,1071,만리재로 35
대우메트로디오빌,1214,백범로 199
대우월드마크마포,1412,백범로 212
브라운스톤공덕,2085,백범로 230
블레스하임,1761,만리재로 45-1
신공덕1차삼성래미안1아파트,1439,백범로37길 12
신공덕래미안2차,1436,만리재로 74
신공덕래미안3차,1690,만리재로 60
신공덕아이파크,1417,만리재로 36
펜트라우스,1130,백범로 205
대원칸타빌,1049,창전로2길 10
밤섬경남아너스빌,1167,독막로28길 10
신수동성원,1250,독막로28길 7
신촌삼익,1048,신수로 107
신촌숲아이파크,1936,광성로 17
하나테크노빌,839,백범로 76
서강GS,1250,창전로 26
마포래미안푸르지오1단지,2190,마포대로 195
마포래미안푸르지오2단지,2105,마포대로 195
마포래미안푸르지오3단지,2143,마포대로 195
마포래미안푸르지오4단지,2232,마포대로 195
마포센트럴아이파크,1631,마포대로 246
마포트라팰리스2차,1149,마포대로 201
삼환나띠르빌,1310,마포대로 183-16
서서울삼성,1688,마포대로 262
애오개아이파크,1833,굴레방로1길 25
노블레스(249-12),706,성미산로23길 4
대명,1424,동교로39길 11
새마을,805,성미산로23길 54
서암,776,성미산로27길 6
엘르빌,813,성미산로29길 9
홍익하이빌,655,연남로5길 44
마포자이,1905,독막로42길 2
마포자이더센트리지(102동~112동),2134,숭문길 98
마포프레스티지자이,2762,대흥로24길 24
상록,1517,숭문길 106
세양청마루(101동),1494,독막로42길 5
염리삼성래미안,952,백범로25길 63
우리파크아파트,2773,대흥로24길 27
e편한세상마포리버파크,2661,토정로31길 24
래미안마포리버웰,2083,토정로31길 23
마포대림1,1131,마포대로1길 21
마포용강삼성래미안,2153,큰우물로 28
DMC마포청구아파트,869,성암로11길 60
강림월드타운,813,성암로7길 14
마포중동현대,1407,성암로 91
백명TRENDYAPT,748,성암로7길 22
울트라월드컵(참누리),1298,월드컵북로38길 54
중동계룡아파트,1107,월드컵북로38가길 20
마포웨스트리버태영데시앙,1417,서강로3길 32
서강예가,1714,독막로 145
신촌금호,1119,서강로9길 19
신촌태영데시앙,1429,서강로9길 45
중앙하이츠101동,754,와우산로30길 135
창전동현대홈타운,2119,서강로 83
창전래미안,1476,서강로 95
해모로,1446,토정로 167
한강삼성,1661,토정로32길 11
한강밤섬자이,1875,토정로 158
마포한강2차푸르지오,1988,월드컵로3길 14
마포한강푸르지오,1647,월드컵로1길 14
펠리스아트빌,990,토정로 34
래미안웰스트림,2143,토정로18길 11
반도유보라아일랜드,1598,신수로2길 6
DMC금호리첸시아,1831,수색로2길 39
DMC래미안클라시스,1071,증가로 191
DMC센트럴아이파크,1607,증가로 150
DMC센트레빌,1593,거북골로 120
DMC에코자이,1864,거북골로 84
DMC파크뷰자이1단지,1706,가재울미래로 2
DMC파크뷰자이2단지,1518,가재울미래로 2
DMC파크뷰자이3단지,1452,가재울미래로 2
DMC파크뷰자이4단지,1369,가재울미래로 2
DMC파크뷰자이5단지,1525,가재울미래로 2
남가좌동현대,1373,가재울로 45
디엠씨엘가,1100,모래내로 151
래미안남가좌2차,1746,수색로6길 43
래미안루센티아,1636,거북골로 100
백련미라보,695,가재울로6길 53-87
창덕에버빌,838,모래내로 143
돈의문센트레빌,1881,독립문로14길 33
럭키대현,1265,이화여대길 50-12
신촌자이엘라,1109,신촌로 149
예스에이피엠,918,이화여대1길 10
이대경우타운,1125,이화여대1안길 22
파라타워,1438,신촌로 163
혜우,620,신촌역로 10
DMC두산위브,881,증가로 200-8
DMC래미안e편한세상,1595,수색로 100
DMC서부인터빌,893,증가로30길 8
DMC아이파크,1424,거북골로14길 32
DMC한양,1246,응암로 28
DMC현대아파트,774,응암로 33
대성,431,증가로24바길 23
명진,595,증가로32안길 76
북가좌삼호,965,거북골로 154
신일해피트리,833,수색로 147-1
e편한세상신촌1단지,1786,북아현로1가길 20
e편한세상신촌2단지,1864,북아현로1길 17
e편한세상신촌3단지,2254,북아현로 29
e편한세상신촌4단지,2107,신촌로35길 10
건일팰리스,708,북아현로22길 81
북아현1차,905,북아현로 87
북아현경남,993,북아현로 40
북아현맨션,1221,북아현로6길 78
비버리힐,620,북아현로22나길 67
성우아파트,1464,북아현로22길 24
신촌푸르지오,1690,북아현로1길 50
우민B,1164,북아현로22길 86
힐스테이트신촌,2077, 
대우푸르지오,1505,연희로 38-20
시민,357,증가로 61
연희궁,286,증가로2길 40-16
연희아트빌,370,연희로24길 19-13
연희웨스트팰리스,946,연희로5길 54-11
연희자이엘라,1115,연희로5길 14
연희파크푸르지오,1363,홍제천로 136
일진아이윌,1059,동교로 290
충우,732,연희로15길 131
한인트윈빌,655,홍연길 77
홍연,926,홍연8길 7
독립문삼호,1453,독립문로 10
3RU-City,1059,신촌로 1
엘르빌2차,758,연희로2길 51-5
연대JK,694,성산로 394
천연뜨란채,2000,독립문로8길 54
미동,848,충정로7길 9
충정리시온,1176,서소문로 27
에스케이뷰,1949,서소문로 43-8
독립문극동(200-0),980,독립문공원길 17
독립문파크빌,1081,통일로 279-75
HDX휴팰리스,1212,통일로 536
강림스위트빌(A동),284,연희로41가길 75-6
교수(A),404,모래내로17길 71-12
그랜드(B동),482,연희로39길 26-7
동림,792,포방터2길 59
로하스,418,모래내로17길 21
명가,573,가좌로 100-21
미건스카이빌,637,홍은중앙로5길 74
반석블레스,893,통일로48가길 15
북한산더샵,1627,통일로 510
북한산두산위브,946,홍은중앙로3길 9
북한산두산위브2차,1170,홍은중앙로1길 100
서강1차(1동),549,연희로41길 142
서강2차(2동),307,연희로41길 152
서대문노블루체,1000,연희로 265
서부사이버,380,연희로39길 21
아르팰리스,991,연희로 261-60
풍림1차,929,통일로48가길 37
풍림2,1121,세검정로1길 35
"현대(1,2차)",1071,연희로 377
홍은동벽산,1039,세검정로1길 95
홍은동아더프라임,946,통일로 530
홍은동풍림아이원,438,홍은중앙로 149
홍은드림아파트,482,연희로37길 25-14
홍은미성,602,연희로41길 114
홍은센트레빌,1356,통일로 553
경일,486,모래내로24다길 35-17
고은,645,모래내로 453
광산,981,모래내로 455
동일5차101동,921,통일로37나길 52
마체스터,393,세검정로 106-8
문화촌현대,1212,문화촌길 6-24
서대문푸르지오센트럴파크,1697,통일로 339
서울맨션,889,통일로37길 30
에이원,1190,홍제원길 45
유원하나,1009,세검정로 134
인왕,690,통일로32길 3
인왕궁맨숀,990,통일로32길 14
인왕산벽산,869,세무서길 106-12
인왕산현대,1322,통일로34길 46
제니스뷰아파트,1033,홍제원길 51
제일아파트,812,통일로37나길 12-6
청구1차,1167,통일로 348
청구2차,1083,통일로 344
청구3차,1237,통일로 332
태영으뜸(데시앙),918,세검정로3길 63
현대그린,701,세무서2길 64
홍제맨션,438,통일로39길 25
홍제삼성래미안,1250,통일로 319
홍제센트럴IPARK,1589,통일로 395
홍제역해링턴플레이스,1966,세무서8길 30
홍제원현대(459-0),1092,통일로34길 43
홍제한양,1283,통일로25길 30
홍제헤렌,873,통일로36가길 9
홍제현대,1120,통일로39가길 57
서초더샵포레,1436,헌릉로8길 58
서초포레스타2단지,1488,헌릉로8길 45
더샵반포리버파크,3584,사평대로 73
디에이치반포라클라스,3905,서초중앙로 206
래미안퍼스티지,4524,반포대로 275
몽마르뜨파크,804,동광로46길 9
반포2차ApelBaum,1514,사평대로12길 22
반포두산힐스빌,1915,고무래로10길 16
반포래미안아이파크,4010,서초중앙로 220
반포리체,4153,고무래로 35
반포미도,2943,서초중앙로29길 28
반포미도2차아파트,3099,사평대로 240
반포서래월드메르디앙스칼라아파트B동,1341,반포대로39길 69
반포센트레빌아스테리움,2720,사평대로 310-4
반포써밋,2917,고무래로 89
반포쎄레노아파트,988,주흥3길 17
반포에스케이뷰,1618,사평대로14길 12
반포자이,4643,신반포로 270
반포주공1단지,5071,신반포로 45
반포훼미리(102동),1548,주흥13길 38
반포힐스테이트,2710,신반포로16길 15-20
비버리힐즈,1844,사평대로12길 27
상지리츠빌(73-10),1167,사평대로28길 62
상지리츠빌2차,1380,사평대로20길 113
서래아르드빌,693,사평대로26길 112
아델스빌1,1792,동광로27길 84
아크로리버파크,5271,신반포로15길 19
에이아이디차관주택,4139,신반포로 32
엠브이아파트,1536,고무래로10길 39
한신서래,2511,사평대로28길 31
현대동궁아파트,2607,사평대로 154
SK리더스뷰(파스텔시티),1554,방배천로 11
대림e-편한세상1,1479,서초대로34길 34
대성유니드,1532,도구로 73
대우(효령),1774,효령로 84
래미안방배아트힐(1008-2),1969,남부순환로 2311-12
레베빌(798-1),1967,방배로34길 89
롯데빌라트2차,765,효령로36길 28
롯데캐슬아르떼,3475,방배천로18길 11
롯데캐슬헤론,1452,동광로1길 112
리벨루스(804-1),1197,방배로34길 64
멤버스빌,1310,효령로23길 31
방배1차현대홈타운,2643,서초대로1길 30
방배2차e-편한세상,1399,서초대로33길 22
방배2차현대홈타운,2500,서초대로1길 34
방배3차e-편한세상,1919,동광로 89-5
방배3차현대홈타운,1885,방배중앙로21길 55
방배그랑자이,3512,방배로 21
방배대우디오빌,1024,서초대로 17
방배대우멤버스카운티301,1457,방배로30길 41
방배대우유로카운티,1991,방배로28길 90
방배래미안타워,2010,남부순환로 2183
방배롯데캐슬로제,2064,방배로26길 41
방배마에스트로,2543,서초대로 13
방배서리풀힐스,1815,방배로11길 35
방배신삼호,1659,방배로 270
방배씨티(보성),1528,서초대로23길 74
방배아트e편한세상105,1239,효령로2길 101
방배아트자이,2881,명달로9길 57
방배우성,1479,방배선행길 1
방배임광,1954,방배로2길 24-5
방배중앙센트레빌,2246,방배중앙로 158
방배현대멤피스2,1512,방배로 63
방배호원,1143,남부순환로297다길 18
방배홈타운(479-11),1239,남부순환로287길 7
방배힐1차,1177,방배로34길 42
블레스밸리,1173,효령로34길 92
삼성래미안1,1229,방배선행길 2
삼호1동~3동,2284,방배로43길 21
삼호2,1299,방배로43길 30
상지리츠빌4차(843-13),1494,서초대로33길 84-20
상지리츠빌7차,1454,방배로28길 51
서리풀e편한세상,2218,효령로33길 50
서희융창,928,남부순환로289길 16
세양아르비채101동,748,서초대로 12
신호,1768,효령로 48
영지아트빌라,1146,사평대로6길 118
영진,1202,서초대로23길 64
청광아트빌(14차),963,남부순환로291길 5
태화빌라(733),875,동광로27길 112
한신트리플,1154,방배로33길 29
현대멤피스,1478,방배로 249
훼미리타운,1300,방배로19길 40
DK밸리뷰서초2차,2027,사임당로 34
urbanplace,995,효령로77길 30
끄레메빌,779,서리풀8길 11
다솔,1036,반포대로3길 49
대림서초리시온,1136,서초중앙로22길 25
더샵서초,1447,서초중앙로2길 21
디아레나서초,1721,효령로53길 24
래미안 리더스원,3810,서운로 62
래미안서초7차,1385,사임당로17길 80
래미안서초스위트,3559,서운로 221
래미안서초에스티지,3034,서운로 107
래미안서초에스티지S,2851,서운로 104
래미안서초유니빌,1107,서초중앙로 26
로얄파크에이,1096,효령로45길 11
롯데캐슬메디치,1542,서초중앙로 110
롯데캐슬스파,1005,사임당로23길 12
롯데캐슬클래식,2964,서운로 197
루컴즈힐서리풀,1923,명달로 97-13
"마제스타시티(힐스테이트서리풀101,102동)",3390,서초대로38길 12
밀라텔쉐르빌,1125,강남대로61길 17
삼성서초가든스위트,2122,서운로 122
삼풍아파트,2846,서초중앙로 200
상지리츠빌(10),1400,명달로16길 17-5
서초2차e-편한세상,1595,효령로49길 57
서초3차e편한세상,1139,남부순환로 2343-10
서초8차상지리츠빌,1523,명달로13길 7
서초교대e편한세상,2798,서초중앙로24길 33
서초그랑자이,2815,효령로 391
서초극동스타클래스,2036,서리풀4길 43
서초노블레스아파트,1517,강남대로39길 15-11
서초대우아이빌,892,서초대로58길 10
서초동대우디오빌프라임,1579,강남대로 321
서초동삼성쉐르빌2,1357,강남대로53길 11
서초동아타워,803,서운로 138
서초래미안,2976,서초대로65길 13-10
서초로얄,1357,사임당로14길 10
서초롯데캐슬84,1106,사임당로17길 90
서초삼성래미안,2381,사임당로17길 116
서초센트럴IPARK,2188,반포대로18길 36
서초쌍용플래티넘,1375,서초중앙로 18
서초아트빌,889,서운로11길 41
서초아트자이,1394,반포대로 58
서초우방유쉘,1429,서초대로46길 62
서초이오빌,953,효령로53길 45
서초자연인아파트(101동),1000,서운로9길 18
서초자연인아파트(102동),1230,서운로9길 18
서초중흥S-클래스(도시형생활주택),900,효령로52길 63
서초코아,1200,남부순환로317길 18-16
서초타운트라팰리스,1260,서초대로74길 23
서초태동스위트,970,서초중앙로22길 78
서초트라팰리스,1368,효령로72길 57
서초트레져,848,명달로 79
서초푸르지오써밋,3042,서운로 212
서초한빛삼성,2121,서초대로40길 72
서초한일,1548,서초대로64길 31
서초현대,2264,사임당로19길 10
서초현대타워아파트,1201,강남대로 375
수광빌라트,698,서초대로60길 33
스위트빌,1524,명달로20길 39
신동아아파트(1차),2235,사임당로 130
신원아침도시(1434),1317,남부순환로337가길 51-9
아크로비스타,1854,서초중앙로 188
우성아파트,2067,서초대로74길 30
유원서초,1893,서초중앙로24길 43
지에스타워,1812,서초대로58길 18
트라움하우스3,2344,명달로 97-14
풍림아이원플러스,1057,효령로77길 14
한라비발디스튜디오193,1341,강남대로39길 15-10
현대서초3,1702,사임당로23길 58
현대슈퍼빌,1765,서초중앙로 15
현대이에스에이아파트,1104,효령로77길 20
서초포레스타3단지,1314,헌릉로8길 22
서초포레스타5단지,1584,청계산로7길 43
서초포레스타7단지,2508,청계산로11길 7-12
힐스테이트 서초 젠트리스,2020,헌릉로8길 10-12
성영,990,매헌로6길 42
신영체르니,1291,논현로27길 57
우성112,1619,바우뫼로 103
우성KBS(113동),1476,바우뫼로 91
해청3차,774,남부순환로356길 82
서초네이처힐1단지,1702,형촌길 35
서초네이처힐3단지,1726,태봉로2길 60
서초리슈빌S,1000,양재대로2길 100-11
서초호반써밋,1525,양재대로2길 109
서초힐스,1946,양재대로2길 90
엘에이치서초4단지,1365,양재대로2길 33
대우아이빌,1786,신반포로45길 23
대주피오레아파트,1190,강남대로95길 56
데뜨아르,2321,잠원로 46-4
래미안신반포리오센트,3083,잠원로14길 32
래미안신반포팰리스,3942,잠원로8길 35
롯데캐슬갤럭시,1880,잠원로14길 3
롯데캐슬갤럭시(50-1),2197,잠원로14길 23
미주파스텔,2373,잠원로 166-4
반포르엘,3464,신반포로23길 23
반포센트럴자이,4321,반포대로 310-6
브라운스톤잠원,2679,잠원로 46-38
성진준빌라트,1036,신반포로41길 31
신반포12,2691,잠원로14길 41
신반포16,3232,잠원로 157
신반포19,2265,잠원로8길 20
신반포2,3235,신반포로23길 41
신반포4,2800,잠원로 37-48
신반포7,2430,잠원로 88
신반포자이,4083,잠원로 60
신반포청구,2369,신반포로33길 66
신화,2037,잠원로14길 54
아크로리버뷰신반포,5615,잠원로 117
잠원동상지리츠빌카일룸,1450,잠원로 221-19
잠원시티아파트,2548,신반포로23길 76
잠원현대훼밀리,2458,신반포로 261
청구빌라트,1715,잠원로 177
킴스빌리지,3833,잠원로3길 6
한강,2202,잠원로 213-10
한신그린,2161,신반포로33길 71
한신로얄,2173,신반포로33길 64
한신타운,2421,나루터로4길 70-5
한신타워,2424,잠원로3길 8
훼미리,2857,잠원로 202-11
금호삼성래미안,2034,독서당로 343
신금호두산위브,1298,행당로 27
이편한세상금호파크힐스,2048,금호로 140
금호자이1차,1496,금호로 117
래미안하이리버,1623,금호로 107
상기,870,금호산9가길 52
신금호파크자이,2542,금호로 173
금호1차푸르지오,2031,금호산길 8
금호자이2차,2161,금호산8길 14
금호한신,1077,금호산길 27
롯데,1655,동호로 84
브라운스톤금호,1786,매봉길 24
서울숲푸르지오,2054,금호로 15
서울숲푸르지오2차,2203,금호로 17
힐스테이트서울숲리버,1905,독서당로 344
삼성쉐르빌,1071,무학로6길 50
마장동중앙하이츠,1381,마장로 262
우성에비뉴,968,고산자로26길 11
장원,714,마장로35길 104
드림시드,512,사근동10길 7
한양마이라움,941,살곶이길 146
센트럴큐브,1305,난계로24길 19
텐즈힐(2구역),1935,마장로 137
강변건영아파트,2595,왕십리로 36
강변동양,2976,둘레길 21
갤러리아포레,4055,서울숲2길 32-14
대우2,1786,상원6길 16
서울숲성수현대,2034,서울숲길 34
서울숲한양현대,1525,상원1길 17
서울숲해오름(717-0),1414,상원6나길 16
신장미,2574,왕십리로 66-15
아크로서울포레스트,4924,왕십리로 83-21
트리마제,4080,왕십리로 16
한진타운,2143,뚝섬로 310
대명루첸,2083,뚝섬로 436
롯데캐슬파크,1673,성수일로8길 47
서울숲금강아미움,1496,아차산로9길 34
성수1차대우아파트,932,동일로 143
성수동두산위브,1160,뚝섬로 434
성수우방2차아파트,1429,성수일로10길 3
이화102동,1348,성수이로7가길 18
힐스테이트,3405,성수일로4길 26
극동그린,1958,독서당로 175
동인샤인빌,1772,독서당로 242
래미안 옥수 리버젠,2254,매봉길 15
모닝빌아파트,1183,독서당로 155
옥수어울림,1602,독서당로40길 37
옥수파크힐스101동~116동,2525,매봉길 50
옥수파크힐스117동~125동,2407,매봉길 50
옥수하이츠,1930,한림말길 50
한남하이츠,1963,독서당로 156
YM프라젠,633,자동차시장1길 14
덕현해밀,1137,용답29길 29
금호현대,1678,독서당로 377
대림(1차),1847,독서당로62길 43
대림(2차),835,독서당로 431
대림강변타운,1940,고산자로 160
서울숲리버그린동아아파트,1618,고산자로4길 34
극동미라주,1178,난계로 73
무학현대,869,무학봉길 49
블루빌,1049,왕십리로31길 15
상리제나우스,1083,무학봉28길 5
센트라스,2286,왕십리로 410
왕십리KCC스위첸,1488,무학봉길 35
왕십리자이,2186,난계로 100
왕십리지웰,982,무학봉길 76
왕십리지음재,1438,무학봉28길 3-1
왕십리풍림아이원,1415,난계로 84
청계벽산,1224,무학로 50
텐즈힐(1단지),1833,무학로 33
한신무학,1080,왕십리로31나길 22
한진해모로,848,왕십리로31길 20
다울아크로빌,752,행당로9길 34
서울숲 한신 더 휴,1673,고산자로 164
서울숲더샵,1848,왕십리로 241
서울숲리버뷰자이,1898,고산자로2길 65
서울숲삼부아파트,2000,왕십리로 280
서울숲행당푸르지오,1821,고산자로 177
이수브라운스톤,1720,행당로 99
행당한진타운,1342,행당로 82
홍익한신,895,마장로 219
길음뉴타운1단지(래미안길음1차),1060,길음로9길 40
길음뉴타운2단지푸르지오,1339,길음로 119
길음뉴타운3단지푸르지오,924,길음로13길 39
길음뉴타운4단지(e편한세상),1373,길음로 118
길음뉴타운5단지(래미안),1492,길음로 74
길음뉴타운6단지(래미안),1345,길음로 16
길음뉴타운7단지(두산위브),1407,길음로13길 22
길음뉴타운8단지(래미안),1310,길음로 33
길음뉴타운9단지(래미안),1271,길음로9길 50
길음동동부센트레빌(1278-0),1104,숭인로2길 61
래미안길음센터피스,1814,숭인로 50
롯데캐슬골든힐스,1542,서경로 60
롯데캐슬클라시아,1878,숭인로8길 80
삼부컨비니언,1102,동소문로 248
길음역금호어울림센터힐,946,동소문로34길 73
대성유니드(641-0),678,동소문로31길 6-1
돈암동 풍림아파트 101~105동,863,북악산로 913
돈암동더샵아파트,750,아리랑로5길 85
돈암동삼성,988,동소문로34길 24
돈암동해피트리,939,아리랑로5길 92
돈암현대아파트,982,정릉로 404
돈암힐스테이트,1060,아리랑로 68
동소문현대,732,아리랑로5길 50-8
범양,833,정릉로 402-16
서라벌,527,정릉로48길 35
성일우리미,702,정릉로52길 46
이수브라운스톤돈암,1060,북악산로 844
일신건영휴먼빌아파트,949,아리랑로 89
한진(609-1),1095,성북로4길 52
한양수자인,850,동소문로27길 37
송산아파트,853,동소문로3길 101
돈암동일하이빌,1190,보문로38길 11
성신여대역솔하임,1429,보문로40길 11
샤인힐,653,아리랑로5길 39
이편한세상보문,988,낙산길 255
현대I-PARK,1280,지봉로21길 19
보문하우스토리,854,37
보문파크뷰자이,1490,보문사길 111
삼선푸르지오,1004,보문로29다길 31
삼선현대힐스테이트,789,낙산길 243-15
삼선에스케이뷰,1548,삼선교로16길 35
성종그린,571,삼선교로18가길 15
우남푸르미아,395,화랑로15길 4
래미안아트리치,1327,돌곶이로8길 22
석관래미안,1356,화랑로 214
휴아름스튜디오,1262,창경궁로 323
대광,574,안암로9나길 14
동관아트빌,581,38
(160-16),514,개운사길 83-15
그린빌아파트,655,돌곶이로41가길 54
꿈의숲대명루첸아파트,1041,월계로36길 27
꿈의숲아이파크,1447,돌곶이로40길 46
꿈의숲코오롱하늘채,1464,돌곶이로 220
라인캐슬,1119,화랑로 213
래미안장위퍼스트하이,1429,한천로 713
래미안포레카운티,1369,장월로 160
석계역한일노벨리아시티,907,화랑로 299
세영아파트,814,장월로9길 14
장위지웰에스테이트,1142,한천로 660-16
참누리아파트,542,한천로101길 18
갤럭시더정릉,1608,정릉로 262
길음뉴타운경남아너스빌,744,정릉로 305
길음뉴타운데시앙,1056,서경로 28
대동황토방,548,정릉로 185-4
대원아파트,452,보국문로38길 34
동일스카이,323,보국문로30길 34
라온유,1155,정릉로 307
"산장아파트가동,나동",825,보국문로 167
정릉2차e-편한세상,1143,북악산로 851
정릉2차대주피오레,786,아리랑로19길 86
정릉e-편한세상,988,솔샘로24길 15
정릉꿈에그린,1320,아리랑로19가길 20
정릉성원아파트101동102동,780,정릉로21길 21
정릉스카이쌍용아파트,1017,북악산로 828
정릉우성아파트 101~105동,1230,북악산로 813
정릉중앙하이츠아파트,542,보국문로32길 53
정릉푸르지오,1051,보국문로 19
정릉푸른마을동아,878,서경로 31
정릉풍림아이원,833,솔샘로25길 28
정릉힐스테이트,982,정릉로 292
정릉힐스테이트1차,690,북악산로 831
정릉힐스테이트3차,1288,보국문로 116
중앙하이츠빌1단지,988,아리랑로19길 60
중앙하이츠빌2단지,714,정릉로26길 8
래미안라센트,1114,종암로24가길 80
래미안세레니티,1214,종암로23길 35
아이파크종암동1차,1012,종암로21길 127
아이파크종암동2차,1089,종암로9길 71
우림카이저팰리스,893,종암로 132
종암2차SKVIEW,1153,종암로24길 35
종암선경,1068,종암로5길 26
종암에스케이,1271,종암로24가길 53
길음서희스타힐스,833,동소문로 284
꿈의숲푸르지오,1024,오패산로16가길 40
동일하이빌뉴시티,820,종암로 167
래미안월곡,1102,오패산로 90
베로니스,1111,화랑로1길 7
삼전솔하임3차,800,동소문로46길 18
상그레빌,862,회기로5길 100
샹그레빌,734,회기로5길 100
성북힐스테이트(101동),1117,동소문로44길 43
성북힐스테이트(102동),1070,동소문로44길 17
월곡두산위브,1280,오패산로 46
월곡래미안루나밸리,1102,월곡로14길 26
창방트윈(B동),702,오패산로1길 50
코업스타클래스,1006,화랑로 76
가락(1차)쌍용아파트,2305,동남로 193
"가락3차쌍용스윗닷홈101동,102동",1310,송이로21길 23
가락금호아파트,2220,송파대로32길 15
가락미륭아파트,1337,동남로11길 4
가락스타클래스,1190,오금로 306
가락쌍용(2차),2161,송이로15길 31
가락우성2,1500,중대로12길 35
가락한일유앤아이,800,동남로9길 41
골드팰리스아파트,602,동남로17길 15
금성프라자1,687,동남로14길 17-25
대련,860,동남로20길 3
동성아파트(102동),1019,송이로17길 50-20
동일씨티빌,929,양재대로66길 43
래미안파크팰리스,1754,동남로 225
송파동부쎈트레빌,1583,송파대로37길 29
우민-늘푸른아파트,581,문정로 167
진넥스베르디엠,1356,동남로 234
카나피아Ⅱ,881,양재대로64길 43
테라펠리체송파,1984,동남로 240-6
프라임레지던스,525,오금로44길 57
프라자,1405,문정로 125
헬리오시티,2949,송파대로 345
현대7,1119,오금로44가길 27
현진타워,903,오금로44가길 13
e편한세상송파파크센트럴,1631, 
거여1단지,1867,양산로8길 8
거여4단지,1949,양산로4길 8
거여5단지,1458,양산로4길 16
삼호아파트,1102,거마로9길 19
성동레인보우,1054,거마로15길 12
송파레이크파크호반써밋Ⅱ,1389,위례송파로 80
송파시그니처롯데캐슬,1831,거마로 56
송파위례리슈빌,1414,위례송파로 124
현대1차,1512,오금로54길 10
송파파크데일1단지,1220,성내천로37길 37
송파파크데일2단지,1107,성내천로47길 38
씨티,893,마천로 232
현대그린빌,881,마천로 315
건영1,1339,새말로8길 12
동부화이트빌(2동),697,송파대로14길 11
문정가락현대1차,1065,동남로 160
문정대우푸르지오1차,1310,문정로 55
문정대우푸르지오2차,1344,송이로32길 37
문정동아,1053,문정로5길 13
문정래미안,1314,문정로 83
문정시영,2128,송이로31길 56
보라뷰2,792,문정로4길 21
브리앙뜨,833,문정로4길 10
올림픽훼밀리타운,1713,중대로 24
파크하비오,1044,송파대로 111
현대(62-5),1389,송파대로20길 28
동광팰리스,1378,오금로11길 63-13
방이금호어울림,1286,위례성대로8길 28
신구블레스밸리,1113,위례성대로12길 25
신암밀리안아파트,610,위례성대로8길 11
올림픽베어스타운1,1452,위례성대로 58
올림픽선수기자촌1단지,2000,양재대로 1218
올림픽선수기자촌2단지,1205,양재대로 1218
올림픽선수기자촌3단지,2393,양재대로 1218
올림픽카운티,1112,백제고분로 497
올림픽파크리움,1281,백제고분로 505
은성아파트,900,오금로19길 33
코오롱아파트,1667,오금로31길 28
한승,899,위례성대로 76
해태그린피아빌라트,870,위례성대로 38
현대주상복합,1121,오금로11길 55
경덕,654,백제고분로32길 6-24
로쟌뷰,1252,석촌호수로 188
미켈란호수가,1544,석촌호수로 230
석촌호수효성해링턴타워,1567,석촌호수로 210
잠실한솔,1415,백제고분로 348
현대(201),835,가락로3길 3-11
2차한양아파트,1075,가락로 192
가락삼익맨숀,1119,오금로32길 5
래미안송파파인탑,1655,오금로32길 31
미성맨션,1612,오금로32길 10
송파삼성래미안아파트,2082,오금로32길 14
아르누보팰리스,1471,석촌호수로 258
여흥레이크빌,1078,석촌호수로 278
온누리,714,백제고분로46길 8-23
트윈레이크팰리스빌,1350,백제고분로45길 40
한양아파트,1263,가락로 187
홍익봄마을,1098,송파대로36길 37
힐스빌,756,백제고분로44길 64
더샵스타파크,1613,올림픽로35가길 10
롯데캐슬골드,1471,올림픽로 269
잠실푸르지오월드마크,1667,올림픽로35가길 9
장미1,2525,올림픽로35길 104
장미2,2073,올림픽로35길 104
파크리오,1506,올림픽로 435
한빛웰리스,857,송파대로 562
한신코아,2683,올림픽로35가길 11
현대타워,1132,올림픽로 293-19
다성이즈빌클래식,599,성내천로 36
르네상스빌,1008,오금로 307
매그놀리아(1차),988,중대로 292
반석블레스빌,1012,동남로23가길 20
송파두산위브,1641,성내천로 103
송파호반베르디움더퍼스트,1832,동남로 342
쌍용스위닷홈(201동),979,중대로 293
아남,1775,성내천로6길 1-13
에스아이팰리스송파올림픽공원,1406,양재대로 1158
영풍,898,마천로 204
오금그랑밸리,306,동남로23길 42
현대(2-4차),1223,오금로35길 17
현대백조,1677,양재대로72길 20
NS파인트리,1568,백제고분로7길 41
갤러리아팰리스,2073,올림픽로 212
레이크팰리스,2328,잠실로 88
리센츠,3373,올림픽로 135
아시아선수촌아파트,2768,올림픽로4길 15
앙시레이크타워,1594,도곡로 450
우성4차,1722,백제고분로18길 30
잠실엘스,3305,올림픽로 99
주공아파트 5단지,3658,송파대로 567
트리지움,2404,잠실로 62
송파더센트레,2136,위례광장로 163
송파와이즈더샵,1490,위례광장로 270
송파파인타운10단지,2203,송파대로8길 20
송파파인타운11단지,1655,송파대로8길 58
송파파인타운2단지,1310,충민로 151
송파파인타운3단지,1714,충민로 152
송파파인타운4단지,1327,새말로12길 16
송파파인타운5단지,1542,충민로4길 5
송파파인타운6단지,1369,충민로6길 14
송파파인타운7단지,1405,충민로4길 19
송파파인타운8단지,1661,충민로4길 6
송파파인타운9단지,1695,송파대로8길 17
위례24단지(꿈에그린),2012,위례광장로 121
위례2차아이파크,1617,위례광장로 230
위례신도시송파푸르지오,1694,위례광장로 185
위례아이파크,1552,위례광장로 136
위례중앙푸르지오1단지,2202,위례광장로 120
위례중앙푸르지오2단지,1964,위례광장로 290
힐스테이트송파위례,1901,위례광장로 170
대동1,1160,풍성로15길 10
동아한가람1,1060,한가람로 448
송파현대힐스테이트,1274,풍성로26길 31
씨티극동1,1678,한가람로 478
연지토성,1254,강동대로9길 20
잠실올림픽공원아이파크,1960,올림픽로43길 34
칼라,697,올림픽로45길 26
토성현대,1449,풍성로14길 19
현대리버빌1지구,1860,토성로 37
현대리버빌2지구,1169,풍성로24길 42
CG아름채목동아파트,913,목동중앙본로28길 10
근상프리즘,641,목동중앙본로2길 45
금강에스쁘아,1098,목동중앙본로 15
대원칸타빌2,1220,목동중앙로 11
대원칸타빌3,1280,목동중앙로 9
동구햇살아파트2차,966,목동중앙남로 80
동도(729-5),578,목동중앙남로9길 25
롯데캐슬위너,1241,목동중앙북로 38
목동금호베스트빌,960,목동중앙북로8길 111
목동길성그랑프리텔,1039,목동중앙본로7길 37-20
목동대림,1250,목동동로12길 23
목동두산위브,1027,목동중앙본로 85
목동롯데캐슬마에스트로,1525,목동중앙북로8길 71
목동벨로스주상복합,763,등촌로 204
목동보미리즌빌,741,목동중앙본로7길 45
목동성원,1771,목동중앙로 67
목동성원(926-8),1681,목동서로 234
목동센트럴푸르지오,2274,오목로 354
목동신시가지1,2500,목동서로 38
목동신시가지2,2047,목동서로 70
목동신시가지3,2653,목동서로 100
목동신시가지4,2947,목동서로 130
목동신시가지5,2566,목동동로 350
목동신시가지6,2979,목동동로 430
목동신시가지7,2917,목동로 212
목동에버하임,1151,목동중앙북로 68
목동이-편한세상,1313,목동중앙로7길 32
목동청구한신아파트,1946,목동서로2길 22
목동트윈빌,1065,목동동로 339
목동현대1,1814,목동동로 240
목동효성,1024,목동중앙북로24길 65
부영2,1199,목동동로 401
상진지오밸리가동,857,목동중앙본로5길 26
상진지오밸리나동,737,목동중앙본로5길 22
수산팰리스,708,목동중앙북로16길 71
신한이모르젠,619,목동중앙북로 7
엘리시아,823,목동중앙북로 108
우당,1046,국회대로 276
월드메르디앙2,952,목동중앙본로1길 5
월드메르디앙3,1455,목동동로 270
진도2,1729,목동동로 250
트라팰리스이스턴에비뉴,2205,오목로 299
하이페리온2,1568,오목로 300
현대하이페리온,1976,목동동로 257
경희,482,오목로9길 19
그린아트빌,494,남부순환로71길 6
금하뜨라네,429,가로공원로56길 10
길훈엔트런스빌,716,곰달래로11길 21
나산,643,남부순환로65길 6
대방샤인힐,847,신월로9길 37
대운,438,월정로31길 23
대진,405,월정로11길 26
동도하이츠,349,곰달래로2길 41
동방,648,신월로 220
동서,458,오목로9길 11
동원데자뷰,776,화곡로3길 43
디아이빌102동,536,지양로17길 9
레미앙,475,신월로 120
롯데캐슬(1057-0),847,오목로5길 19
리슈리안,1010,중앙로 311
목동센트럴아이파크위브1단지,1524,남부순환로83길 17
목동센트럴아이파크위브2단지,1780,남부순환로83길 18
목동센트럴아이파크위브3단지,1155,남부순환로83길 48
목동센트럴아이파크위브4단지,1594,남부순환로83길 47
방주기픈샘,625,월정로8길 8
방주아크빌,711,오목로7길 35
벽산블루밍1단지,804,신정로13길 50
벽산블루밍2단지,966,신정로13길 51
빛여울,446,가로공원로 78
삼구,596,신월로24길 28-6
삼도(102),556,남부순환로 593
삼익플라주,750,신월로 181
삼정그린뷰,1042,오목로3길 17
삼종레이빌101동,584,오목로4길 5
상아아름,546,월정로 62
샤인팰리스,552,화곡로3길 20-19
성림,345,오목로9길 20
세아쎄닛빌,621,남부순환로 569
수명산SKVIEW,633,월정로 306
수명산그린시아,690,월정로 299
수명산롯데캐슬,792,월정로 303
수명산태승훼미리,679,월정로 262
신도브래뉴2차,992,화곡로3길 34
신안약수,595,중앙로29길 55
신안파크,957,지양로15길 20
신월2차보람쉬움,695,오목로1길 46
신월6차보람,831,곰달래로7길 7
신월대림,839,오목로13길 7
신월보성,661,오목로13길 33
신월시영,1393,신월로 99
아름다운세상,760,화곡로3길 31
양천벽산블루밍1단지,774,월정로9길 17
양천벽산블루밍2단지,1059,월정로9길 20
양천홈타운2차아파트,930,중앙로55길 56
연흥,581,신월로15길 9
오투힐,344,신월로9길 20
우영아파트,530,남부순환로59길 3
우창,470,신월로17길 21
은하아파트,456,곰달래로1길 50
장수마을2단지동원데쟈뷰,786,오목로 76-2
정은스카이빌(1044),570,신월로11길 36
청솔,572,월정로 50
코아루1단지,702,남부순환로56길 9
코아루2단지,823,남부순환로56길 15
탑건위너스빌,417,곰달래로1길 63
탑건진선미,602,화곡로4길 11
태산,706,오목로 20
태진,712,중앙로55길 25
태헌(신월프라자),559,곰달래로5길 17
태형,678,곰달래로5길 37
해주,661,곰달래로2길 32
해태,678,월정로 21
행복한세상,572,남부순환로 297
홍익아파트,643,오목로17길 12
훼미리주상복합,465,가로공원로64길 13
흥양훼미리,480,월정로 214
SM엘루이,1024,은행정로4길 25
길훈로즈빌,1381,목동동로 190
동원데쟈뷰,708,오목로23길 31
동원로데오,1048,목동로29길 7
동일아파트,723,은행정로17길 2
동일하이빌2단지,1321,신정로11길 20
래미안목동아델리체(1326),1518,중앙로43길 14
마이홈,439,중앙로29길 120-13
목동경동미르웰,886,중앙로 286
목동그린빌라트,739,목동동로12길 38
목동삼성,1298,신목로 7
목동삼성쉐르빌Ⅱ,1081,목동동로 177
목동신시가지10,2343,목동서로 400
목동신시가지11,2353,목동동로 10
목동신시가지12,2398,목동동로 50
목동신시가지13,2051,목동동로 100
목동신시가지14,2345,목동동로 130
목동신시가지8,2741,목동서로 280
목동신시가지9,2254,목동서로 340
목동우성2,1345,목동남로4길 6-23
목동우성3,992,목동남로4길 20
목동캐슬아파트,670,목동동로10길 22
목동파크자이(101동~108동),1867,목동남로4길 80
목동해오름101동,744,목동로9길 25
목동현대3차,1426,목동동로12길 60
목동힐스테이트,2025,중앙로36길 15
밀레스트,771,신정중앙로17길 14
보람쉬움,696,오목로35길 5
성재세인트,812,은행정로7길 39-1
신세계하이츠,840,은행정로7길 14
신정6현대,1017,신정로 170
신정동로마,935,오목로38길 16
신트리1,1612,신정로 293
신트리3,1024,신정로 290
신트리4,1375,신정로 260
영림,656,오목로 135
이펜하우스3단지,949,신정이펜1로 50
이펜하우스4단지,1076,신정이펜1로 51
이펜하우스5단지,711,신정이펜1로 27
제이클래스목동주상복합,1003,오목로 147
중앙하이츠목동펠리시티,1692,오목로 212
푸른마을2,1136,신정로7길 76
푸른마을3,1136,신정로11길 63
푸른마을4,1101,신정로7길 60-7
학마을1단지,1288,신정로14길 6
THESILK,745,버드나루로15길 2
강변래미안,1266,버드나루로 130
드림리버빌,761,버드나루로22길 7
래미안당산1차,1206,당산로54길 11
리버뷰,1013,버드나루로 97
훼미리하우스138,893,버드나루로17길 2
휴브리지빌딩,941,버드나루로 116
당산2가현대홈타운,1402,당산로 95
당산대우,1290,영등포로 106
당산계룡리슈빌1단지,1525,양산로25길 16
당산계룡리슈빌2단지,1607,양산로25길 8
당산계룡리슈빌3단지,1531,양산로25길 12
당산어울림2차,1196,양산로17길 22
당산한양,1208,영신로 193
쌍용예가클래식,1728,당산로31길 32
당산금호어울림,1583,국회대로37길 22
당산롯데캐슬프레스티지,1417,영신로 237
당산현대3차,1754,당산로41길 23
당산현대5차,1294,당산로42길 16
브라운스톤당산,1488,영신로55길 8
유원제일,1332,국회대로29길 13
한강아파트,1576,영신로57길 5
당산디오빌,1189,당산로 222
당산삼성래미안4차,2060,당산로 214
당산센트럴아이파크,1881,영신로 247
당산효성1차,1097,당산로42길 13
당산효성타운2차,1881,당산로42길 7
유원제일2차,1179,선유동2로 56
유탑유블레스,1254,당산로49길 11-4
(1101-1),814,도림천로19길 12
G밸리소홈,938,도림천로19길 11
e편한세상영등포아델포레,1244,신길로 29
다청림2동,699,대림로34마길 15
문영칸타빌레,679,도림천로 391
보라매 신동아 파밀리에,1298,디지털로 420
삼화에코빌1차,1212,대림로 181
성락,682,대림로34다길 14
성원(650),1203,대림로 256
신대림신동아파밀리에,540,도림로54길 14
신대림자이1단지,893,시흥대로173길 13
신대림자이2단지,869,시흥대로 589-8
쌍용플래티넘S,639,대림로29길 13
영등포자이르네,1265,시흥대로 625
현대3차,1337,도신로 31
도림청구,1351,도영로7길 7
영등포아트자이,1476,도영로 66
한라,940,도신로15라길 5-7
국화맨션,1571,도림로 464
문래건영,1083,문래로 94-7
문래공원한신,1638,문래로20길 14
문래금호어울림,1250,문래로 137
문래동원데자뷰,1214,문래로20길 40
문래자이,1762,당산로4길 12
문래힐스테이트,1241,문래로 82
예지팰리스77차,923,영등포로20길 20
문래동삼환,1081,도림로143길 32
문래대림,1025,선유로 33
문래두산위브,1171,선유로9나길 8
문래모아미래도,1262,선유로9나길 5
문래현대5차,1012,선유서로9길 5
진주맨션,1277,선유로9길 31
e편한세상 문래 에듀플라츠,1025,선유서로 50
문래미원,1017,문래로8길 5
문래베어스타운,1424,선유서로 40
현대6차,1300,선유서로 31
남서울,1348,신길로 108
대방,486,여의대방로 99-3
대방전철,1000,여의대방로61길 6
더샵파크프레스티지,1429,가마산로79길 37
래미안에스티움,2212,신풍로 77
래미안영등포프레비뉴,2203,가마산로 442
루나플라체,1154,영등포로 395
메트하임,1302,신풍로 93
보라매경남아너스빌,1202,여의대방로 25
보라매두산위브,1048,여의대방로9길 5
보라매에스케이뷰,1911,여의대방로35가길 19
신기목련아파트,941,신길로42가길 34
신길레전드힐스,769,가마산로 468
신길센트럴아이파크,1864,가마산로 426
신길센트럴자이아파트,2288,신길로29길 17
신길파크자이,1452,신길로28길 25
여의도리버뷰,846,여의대방로61길 50
프리가,1046,영등포로 390
힐스테이트클래시안,1771,신길로28길 9
어반힐,1260,선유로25길 5
한신공영,1034,영등포로12길 7
거성파스텔,1627,선유로43가길 24
삼호,1125,선유로 172
양평역미소지움,705,양산로 11
양평현대6차,1390,선유로 207
약산,621,선유로 269
양평한신,1441,양평로24길 9
동양,1407,양평로30가길 15
리츠뷰,825,양평로28사길 45
한솔,965,양평로30길 51
광장,1967,여의나루로 7
대우트럼프월드II,1520,여의동로 97
대우트럼프월드Ⅰ,1894,여의동로 143
라이프콤비,1382,63로 32
롯데캐슬아이비,1900,국제금융로 86
롯데캐슬엠파이어,1554,의사당대로 127
리버타워,645,63로 36
리첸시아,1639,여의동로 213
삼부,2075,국제금융로7길 27
서울,2775,여의나루로 121
수정,1751,국제금융로7길 1
순복음(초원),1932,국회대로76가길 11
시범,2908,63로 45
여의도자이,1865,여의동로3길 10
진주,2083,국제금융로 108-6
화랑,1849,국제금융로7가길 21
라르파크,1667,신길로61길 28
순영웰라이빌,774,영등포로62길 42
영등포푸르지오,1643,도신로29길 28
내이처해밀,857,경인로114길 62
스테이72여의도,1108,경인로112길 4-7
여의도더리브스타일,1667,경인로 900
여의도씨티아이,1062,경인로 882
여의도의아침,1125,경인로114길 12
창방누리애,988,경인로114가길 11-1
헤렌어반,714,경인로114가길 14
경동미르웰여의도,1036,버드나루로7길 3
여의도리미티오148,1565,버드나루로 5
이지리움S,1015,국회대로54길 65
영등포그랑그루,1167,문래로 191
브라운스톤영등포,885,버드나루로12가길 13
아크로타워스퀘어,1929,국회대로54길 10
포레나영등포센트럴,1576,국회대로50길 20
훼미리하우스117,775,버드나루로 85
당산푸르지오,939,영중로 154
영등포메이준2011,1125,영중로 120
도원,765,새창로12길 11-15
제일1,656,새창로12길 11-7
동자,1136,한강대로104마길 30
센트레빌아스테리움서울,1260,한강대로 372
CJ나인파크,1857,백범로90다길 12
리첸시아용산B,1372,백범로 341
아크로타워,1452,백범로90길 26
용산KCC웰츠타워,1756,백범로90길 90
용산큐브,1462,백범로90길 12
이안용산1차(101동),1619,백범로90길 74
지오베르크,1429,백범로 346
프라임펠리스,1446,백범로90길 38
리버빌(삼성),1695,보광로5길 40
주미,1888,보광로 40
리버힐삼성,1228,효창원로 17
용산e편한세상,2500,원효로 216
원효전자상가,1455,청파로 83
용암한신,972,신흥로2길 58
용산파크타워(24-0),1812,서빙고로 67
용산파크타워(24-1),2524,서빙고로 69
리첸시아용산,2273,백범로 341
용산더프라임,1549,원효로90길 11
용산파크뷰(46-3),1833,원효로 251
강변삼성스위트,1607,원효로 40
산호,1500,원효로 66
풍전,1321,원효로25길 13
LG한강자이,2500,이촌로64길 15
강촌,2281,이촌로87길 13
래미안첼리투스,3064,이촌로 310
로얄맨숀,1333,이촌로75길 6
반도,2036,이촌로 324-10
북한강(성원),2814,이촌로2가길 66
빌라맨션,1250,이촌로 156
왕궁,2353,이촌로88길 15
이촌동삼성리버스위트,2336,이촌로88길 30
이촌코오롱(A),1754,이촌로87길 21
장미(203-14),2250,이촌로18길 3-7
점보,899,이촌로88길 3
퀸스리버빌,704,이촌로46길 26
한가람,3153,이촌로65길 8
한강(대우),3117,이촌로 181
한강맨숀,3750,이촌로 248
현대맨숀,1367,이촌로 303
현대한강,2797,이촌로34길 29
남산대림,2226,녹사평대로 254
준아트빌,1278,이태원로27나길 40
청화1,2028,장문로 27
GS자이,1338,삼개로 60
한울글로리A,762,효창원로76길 7
대우월드마크용산,1250,한강대로 211
용산파크자이,1699,한강대로 205
래미안용산더센트럴,2593,한강대로 95
벽산메가트리움,1422,한강대로43길 8
아스테리움용산,2513,한강대로30길 25
용산아이피아대주피오레,1130,청파로20길 9
용산푸르지오써밋(420),2232,한강대로 69
한강로대우아이빌,1304,한강대로43길 13
센트럴파크,2544,서빙고로 17
시티하우스,1526,한강대로14길 37
용산시티파크(1단지),2260,서빙고로 35
한강대우트럼프월드3,2012,한강대로 26
나인원한남,4587,한남대로 91
르가든더메인한남,4000,한남대로10길 16
리버티하우스,1189,독서당로 70
성아1,1268,독서당로 73
트윈빌비동,1575,유엔빌리지길 289
트윈빌에이동,2027,유엔빌리지길 11
한남더힐,3584,독서당로 111
한남동동원베네스트,1463,독서당로 22
한남동리첸시아,1781,한남대로 60
한남아이파크애비뉴,2146,독서당로 46
한남파라곤,2073,한남대로27길 52
한남하우스,745,한남대로28가길 5
한남해피트리,2000,한남대로27길 60
한성1,1104,독서당로 73-4
형우베스트빌3차,931,독서당로 90
힐탑트레져1동,1893,유엔빌리지길 200-16
예빌리지,607,백범로45길 9-10
용산롯데캐슬센터포레,1821,백범로 313
효창로즈,1071,효창원로93길 16
효창베네스,1488,효창원로69길 57
효창파크푸르지오,2042,백범로 260
효창한신,1358,백범로45길 9-11
몬테피오레,940,두텁바위로69길 29
신주에지앙,946,후암로28마길 2
후암미주,1774,후암로 71-1
힐튼빌리지2차,898,후암로16나길 23
갈현동현대,932,갈현로33길 24
대양,661,갈현로37길 64
동광갈현베르빌,709,연서로 149
라이프시티,297,갈현로29길 61
미미,1081,갈현로29길 11
아름(526-2),507,서오릉로18길 10
역촌맨션,528,연서로19길 9
연서노벨(463-16),655,연서로19길 4
우남,797,서오릉로 258
유호루하스,752,갈현로 300
지캐슬,676,연서로21길 25
천수,407,연서로17길 34-14
갈현1단지e-편한세상,952,서오릉로21길 47
갈현현대,915,서오릉로21길 36
경향파크,562,갈현로15길 53
금강포란재(101),498,서오릉로21길 34-20
금광포란재(102),466,서오릉로21길 34-14
동익파크1동(355-95),583,서오릉로21길 20
벽산스카이파크,455,서오릉로21가길 16
브라운스톤구산,998,갈현로17길 17
신호(199-24),398,서오릉로 181
엔에스아파트,402,갈현로15길 4
우공아트빌,367,갈현로17나길 31
우신,433,갈현로16길 16
은평서해그랑블,1007,서오릉로 253
한국프라우드,534,갈현로15길 28-17
한성산장,368,갈현로15길 43
거장메카,1090,서오릉로2길 12
굿모닝기룡아파트(96-6),357,녹번로 45
녹번2현대,810,서오릉로 46
대림아파트(276),810,통일로 590
래미안베라힐즈,1488,통일로 630
북한산푸르지오,1250,통일로 660
세민HIPARK,719,녹번로 8
청록MS(91-9),690,은평로21길 40-18
힐스테이트녹번,1602,통일로 610
YS홈타운,975,통일로77길 6
뉴캐슬,844,불광로1길 2-6
대경아르체아파트,1552,진흥로 153
대경홈타운,769,통일로67길 17-1
동명베스트(84-21),448,통일로71가길 10-5
디안(89-77),470,역말로 114
모아아파트(103동),851,불광로1길 6
미래하임,823,통일로67길 8-6
미래하임(6-19),1006,통일로67길 8-10
미래하임(9-46),949,불광로1길 12
베르디움STAY1,1389,통일로 767
벽산메트로시티,826,통일로 749-7
북한산포레스트,1447,서오릉로 80
서경아파트,821,연서로28길 17-1
아이안빌,1081,통일로 749-11
영화노블레스아파트,917,통일로65길 3
유진아이디움,1264,연서로28길 8
정익제이원,1049,통일로 745-4
정익제이원6차,1069,통일로 833-5
제이타워4,796,통일로67길 15
주주베B,962,불광로1길 2-4
주주베에이,958,통일로67길 9
해오름시티,789,통일로67길 11
호림리슈리안,973,서오릉로 102
효민아크로뷰,1111,불광로 9-1
경인에버빌(285-18),1000,통일로 708-3
대호프라자아파트,1034,불광로 90
라이프미성,1265,통일로 780
북한산대창센시티,952,불광로 208
북한산동호스카이,746,연서로34길 42
북한산래미안아파트(1단지),1024,진흥로 267
북한산래미안아파트(2단지),1144,진흥로 265
북한산현대홈타운,1429,불광로2길 16
북한산현대힐스테이트3차아파트,1071,불광로 122-10
북한산힐스테이트1차아파트,1042,불광로2길 33
북한산힐스테이트7차,1179,통일로 796
불광롯데캐슬,1390,불광로 64
선우아파트,657,불광로10길 20
신우아파트,771,불광로6길 4
월드그린,620,불광로6길 11-2
정익제이원(4차),1083,통일로82가길 1
정익제이원5차,1456,통일로82길 6-7
제이타워,847,통일로82가길 4-4
태양아파트,667,불광로 156
DMC롯데캐슬더퍼스트,1694,수색로 300
DMC자이1단지,1220,수색로 217
e편한세상 수색 에코포레,976,은평터널로 65
"수정가,나동",637,은평터널로2길 21
진흥엣세벨,896,은평터널로 60
거성리젠시,1194,은평로 42
뉴신사신성,712,은평터널로 163
대주파크빌,679,증산로15길 50
라이프씨티,602,갈현로3다길 15
린든빌(29-26),566,증산로21길 38-3
명진(200-115),413,은평터널로 182
미래하임(아파트),759,가좌로 341
벨로스아파트,746,가좌로11가길 10
선정(35-2),747,증산로19길 3
성현,479,은평터널로 178
신사동한신휴플러스,771,갈현로1길 31
신사씨티,732,가좌로 391
신선,682,증산로21가길 11-12
신성,746,증산로15길 67-7
신성수정,625,은평터널로7길 2
신아,612,갈현로2가길 1-1
예성그린,483,가좌로 345
은평신사두산위브,886,갈현로1길 36
응암역효성해링턴플레이스,1280,가좌로 334
이랜드타운아파트,833,은평터널로 121-6
임탑(364)101동,514,갈현로5길 25-11
청운제일(362-0),713,증산로 417
형진,676,가좌로12길 12
도올탑스텔,390,연서로2길 8-4
디딤빌아파트,416,갈현로 100
리더스파크,963,연서로 1
만민라이프(B동),583,역말로 28
명남뉴,571,연서로 25
미랜드,962,진흥로1길 11
부호(101동),728,역말로4길 12-5
부호(103동),619,역말로4길 18
서안,673,연서로6길 8-9
센타폴리스,827,연서로 9
소망,326,연서로 47-2
엔에스,429,연서로9길 17
역산미르빌,481,진흥로1가길 8
역촌빌라트,308,갈현로14길 5
역촌센트레빌,952,갈현로3나길 23
역촌월드,593,역말로 84-8
연리지,606,연서로 28
위산엘리시움,974,진흥로9길 2
진주하이츠(10-89),637,역말로 55-1
청우참조은,502,연서로2길 18-1
청운퀸즈,632,연서로 27
하늘애,964,진흥로 27
e편한세상백련산,756,백련산로 112
거장메카(116-22),1508,응암로 293
녹번역e편한세상캐슬,1661,은평로 220
녹번역센트레빌,1453,백련산로 160
뉴월드(402-112),667,응암로20길 22-17
뉴월드(403-32),556,응암로20길 22-23
다원(107-4),754,응암로 290
대주피오레,648,백련산로 6
디우아르떼,1071,응암로13길 14
모아아파트,923,응암로 282
미소세상,1034,응암로 271
백련산에스케이뷰아이파크,1559,응암로30길 16
백련산파크자이,1503,백련산로 67
백련산해모로,1610,응암로30길 15
백련산힐스테이트1차,893,백련산로2길 19
백련산힐스테이트2차,1356,백련산로 38
백련산힐스테이트3차,1000,백련산로 36
백련산힐스테이트4차,1347,백련산로 37
삼영N-CITY,704,은평로 164
삼흥리치,763,응암로 279
서강스카이빌2,513,응암로 295
애필리움,845,불광천길 536
위산일리온시티,1211,은평로 116
유성아이비,860,은평로 182-3
유성아이비아파트,690,응암로13길 12
응암동금호,863,응암로 318
응암아네스트,935,은평로 123
자선메르시안(115),527,은평로8길 20
자선메르시안(400),631,응암로18길 18-9
자선메르시안102동(123-25),696,불광천길 482
조이팰리스(90-23),448,은평로 103
청안파인,767,응암로14길 1-15
펠리시티,1218,응암로 277
프라임팰리스,704,은평로 96
힐스테이트녹번역,1373,은평로 240
DMC덕원,1429,증산로 221
DMC센트럴자이(2단지),1661,수색로 200
DMC센트럴자이(3단지),1524,수색로 200
DMC센트럴자이(4단지),1700,수색로 200
DMC우방,1169,증산로3길 26-1
DMC월드,888,증산로 333
디오반,1107,증산로 291
자선메르시안(162-18),774,증산서길 130
구파발10단지어울림(1011~1019동)BL3-1,1093,진관3로 15-45
구파발9단지래미안(916~928동)BL3-2,731,진관3로 77
마고정3단지센트레빌(310~322동)BL2-3,719,진관2로 90
마고정3단지센트레빌(323~335동)BL2-2,881,진관2로 60
박석고개1단지힐스테이트(101~111동)BL2-12,1381,진관1로 21-9
박석고개1단지힐스테이트(116~131동)BL2-1,1000,진관1로 21-10
상림마을6단지푸르지오(601~605동)BL1-8,762,진관4로 78-7
상림마을6단지푸르지오(606~614동)BL1-7,871,진관4로 100
상림마을6단지푸르지오(615~621동)BL1-6,780,진관4로 107
상림마을7단지아이파크(702~705동)BL1-4,1168,진관4로 77
상림마을7단지아이파크(713~718동)BL1-11,891,진관4로 48-8
상림마을7단지아이파크(719~729동)BL1-13,672,진관4로 48-50
상림마을7단지아이파크(730~742동)BL1-14,805,진관4로 48-51
상림마을8단지롯데캐슬(801~809동)BL1-2,1083,진관4로 37
상림마을8단지롯데캐슬(810~820동)BL1-1,1059,진관4로 17
상림마을8단지롯데캐슬(821~830동)BL1-12,1155,진관3로 70
우물골2단지두산위브(201~203동)BL2-4,1131,진관2로 67
우물골2단지두산위브(204~208동)BL2-5,917,진관2로 77
우물골2단지두산위브(209~222동)BL2-8,1024,진관2로 111-7
우물골2단지두산위브(223~244동)BL2-7,659,진관2로 57-37
우물골2단지두산위브(245~255동)BL2-6,1107,진관2로 57-7
은평뉴타운 제각말 푸르지오(5-1단지),1020,연서로48길 12
은평뉴타운 제각말 푸르지오(5-4단지),1024,연서로 455
은평뉴타운기자촌11단지,1054,연서로46길 7
은평뉴타운꿈에그린,1237,진관3로 33
은평뉴타운솔하임,1291,통일로 1080
은평뉴타운엘크루,1229,진관3로 21
은평스카이뷰자이,1488,통일로 1034
폭포동4단지힐스테이트(408~422동)BL3-9,1045,연서로44길 7
폭포동4단지힐스테이트(423~425동)BL3-10,896,연서로44길 30
폭포동4단지힐스테이트(426~428동)BL3-11,1007,연서로44길 55
힐데스하임,1095,진관3로 11
경희궁자이(4단지),2432,송월길 155
경희궁의아침3단지,1150,사직로8길 34
경희궁파크팰리스,1231,사직로8길 20
청호그린빌,655,옥인3길 7
동성아파트(1동),614,동숭4라길 29
동성아파트(2동),695,동숭4라길 27
송림아마레스아파트,821,성균관로17길 22
아남2,781,혜화로3길 33
아남3,1553,혜화로3길 5
경희궁롯데캐슬,1864,통일로 230
인왕산아이파크,1607,통일로18길 9
광화문스페이스본(101동~105동),1171,사직로8길 4
광화문스페이스본(106동),1227,경희궁길 57
버넷하임1,712,난계로29가길 16
삼전솔하임2차,857,종로58가길 27
삼전솔하임4차,830,지봉로4길 13
숭인한양LEEPS,1017,난계로29가길 20
오성,500,숭인동1나길 11-7
익성씨티하임,760,난계로29가길 17
종로아인스빌,1000,난계로29가길 19
종로유케이201,808,난계로29길 33-4
종로중흥S클래스,765,종로66길 28
종로청계힐스테이트,1393,숭인동길 21
디팰리스,2415,새문안로2길 10
(60-1),822,대학로7길 15-4
이화에수풀,1263,대학로 47
아르젠종로,809,종로31길 54
운현신화타워,774,삼일대로32길 36
현대뜨레비앙,761,돈화문로11가길 59
효성쥬얼리시티,940,종로 183
그린,1114,낙산5길 22
동대문,1607,지봉로 25
창신쌍용1,1111,동망산길 19
창신쌍용2,1102,낙산길 198
CS타워,762,율곡로20길 24
경희궁자이(3단지),2250,경교장길 35
갑을아파트,617,평창문화로 19
일성빌라트,774,평창문화로 119
경희궁자이(2단지),2663,송월길 99
남산트라팰리스,1767,소월로2길 30
경서,600,퇴계로2길 15-6
서울역센트럴자이,2521,만리재로 175
덕수궁롯데캐슬,1951,서소문로9길 28
바비엥3,886,통일로 86
순화동더샵,1310,칠패로 27
남산FORESTHOUSE,1617,동호로17길 242
남산타운,1685,다산로 32
다다아파트,394,동호로11마길 40
다오아트빌,504,동호로11마길 24
동산,340,동호로11아길 15
란스미어,726,청구로17길 24-5
래미안하이베르,1631,퇴계로90길 74
스위스빌라,421,동호로11마길 39
신당KCC스위첸,2034,난계로 130
신당아르브,889,난계로 151
신당역솔하임,1250,퇴계로 448
신당푸르지오,1788,다산로36길 110
신신(1차),395,동호로11자길 23
신신(2차),436,동호로11자길 22
약수(372-13),812,동호로 173
약수역더시티,1322,동호로7길 14
약수하이츠,1632,동호로10길 30
우석,581,동호로11바길 42-1
유정,475,동호로11자길 17
청구e편한세상,1815,청구로 64
청구드림,988,청구로4길 30
타워,727,청구로6길 8
오렌지카운티을지로,1429,동호로33길 15
오장동오팰리오,1586,마른내로 127
인현상가(신성아파트),850,마른내로 72
상지리츠빌장충동카일룸,2418,동호로20나길 30
장충동라임카운티,1193,동호로20가길 38
장충레지던스,738,동호로20나길 23
장충,294,동호로25길 36
삼정아트테라스정동,1826,서소문로 89-20
브라운스톤서울,1111,청파로 464
삼성사이버빌리지,1246,중림로 10
남산센트럴자이,935,퇴계로 235
진양상가,743,퇴계로 217
충무로엘크루메크로시티2차,991,퇴계로49길 14
충무로헤센스마트,1188,서애로1길 11
DUO302,1033,난계로 169
골드캐슬Ⅲ,1086,난계로21길 39
그랜드힐오피스텔,688,마장로9길 49-15
중구리버빌,556,난계로13길 17
청계랜드힐아파트,1172,난계로17길 40-16
청계리버팰리스A,1192,난계로17길 48
한양I-Class,775,난계로 173
황학아크로타워,1190,퇴계로 447
SK리더스뷰남산,1314,퇴계로 72
남산롯데캐슬아이리스,1692,소공로 35
삼풍,638,소공로3길 29-8
이지-빌,791,퇴계로8길 65-3
평화,1034,퇴계로8길 23
쌍용남산플래티넘,500,소공로 46
aaa,684,다산로 274
동대문솔하임,1196,마장로 58
동대문와이즈캐슬,1481,퇴계로75길 7
위더스하임,1270,퇴계로73길 20
청계천두산위브더제니스,1216,다산로46길 17
EGSoulLeader,754,상봉로 110
가야써니빌,912,상봉로26길 29
개나리,849,송림길 124
금호어울림(580),714,양원역로 18
금호어울림(580-1),714,양원역로 18
대보,812,양원역로 49
더하이어,833,망우로58길 31
로얄팰리스주상복합아파트,1069,망우로58길 41
망우,554,용마산로116길 44
백림금호,643,망우로 504-10
산솔트윈,392,봉우재로 229
주함해븐(101동),690,용마산로 463
한울네세창,692,망우로76길 51
해오름102동,544,봉우재로57길 47
건원베스트원,952,겸재로 198
늘푸른동아,1182,동일로 476
두산2,893,면목로37길 58
두산3,833,면목로37길 57
두산4,1119,면목로35길 63
두산5,1186,사가정로42길 90
두원,932,동일로 483
라온프라이빗,1021,동일로91길 23
리치카운티,978,겸재로29길 27
면목동금호어울림아파트,774,용마산로 271
면목삼익아파트,878,동일로 501
면목한신,1134,중랑천로 20
사가정센트럴아이파크,1649,동일로92길 40
세모하이츠(B),521,봉우재로28길 22
신영,657,면목로69길 16
쌍용더플래티넘용마산,1321,용마산로 209
용마금호타운,833,용마산로 348
용마동아,833,용마산로62길 43
용마한신,1239,사가정로71길 19
일신강변,774,중랑천로 14
주함해븐,559,봉우재로 136-8
킴스아파트,900,면목로 429
포인트아파트비동,482,동일로100길 41
한양수자인사가정파크,1500,사가정로72길 26
현대휴온,583,동일로109가길 5
SM해그린,643,공릉로2나길 32-12
공감대,845,공릉로 32
묵동자이(1단지),604,숙선옹주로 6-9
묵동자이(2단지),1063,동일로 932
묵동포레시타,667,동일로157길 41
브라운스톤태릉,1280,공릉로18길 59
성원팰리스,1246,동일로159길 10
세방,738,숙선옹주로9길 25
신내,1385,숙선옹주로 91
신내대림아파트,889,신내로21길 16
신내두산아파트,833,신내로21길 16
신도,976,공릉로13길 30
신안1,1042,공릉로2라길 15
신안2,1007,공릉로2나길 46
월등스카이뷰,534,동일로 938
이편한세상화랑대,1214,숙선옹주로 45
태창네스트빌,756,중랑역로49길 10
헤르만스테이트,633,중랑역로 276
현대아이파크,1060,중랑천로 286
효산센터빌,636,동일로151길 5
건영2차,1036,신내로7길 20
건영2차아파트,804,신내로7나길 24
건영캐스빌,1048,상봉중앙로8길 76
그랑아파트,530,동일로126나길 38
더클래스,1036,상봉로23길 33
동일스카이시티101동,738,상봉중앙로8가길 5
동일스카이시티102동,683,상봉중앙로6길 45
레그노시티,1173,봉우재로33길 85
리더스,1069,면목로92길 28
상봉듀오트리스,954,상봉로 131
상봉베스트원,1389,망우로 304
상봉어반뷰,1062,면목로 489
상봉태솔아파트101동,1106,봉우재로41길 29
상봉힐스테이,1794,봉우재로37길 17
"엘지,쌍용아파트",946,봉화산로 146
주함해븐타워,963,면목로 491
태영데시앙1,1125,상봉중앙로8길 104
포시티,714,면목로 487
풍산쉐르빌102동,510,상봉중앙로10길 15
프레미어스엠코,1638,망우로 353
한일써너스빌,1086,망우로 346
경원,644,봉화산로56길 73
다우훼밀리,652,송림길 18
대성유니트,750,봉화산로56길 140
데시앙,917,용마산로 669
동성1,1037,신내로 128
동성3,763,신내로 110
동성7,761,신내로14길 21
새한,720,용마산로 616
석탑,898,용마산로125길 92
신내 데시앙포레,1048,신내역로 165
신내11대명,1158,봉화산로 193
신내6대주,1357,신내로19길 42
신내9진흥,1222,신내로 127
신내우디안1단지,999,신내역로1길 85
신천빌리지,679,신내로1길 20
진로아파트,921,신내로17길 41
화성.두산아파트,1045,신내로 155
강오(A동),595,동일로 825-1
범양프레체,671,중랑천로14길 58
삼익아파트.상가동,827,중랑역로 124
청원다미소,988,동일로136길 10
한솔e(A동),617,봉화산로27길 30
한신아파트(101~102),905,동일로 752
한신아파트(103~109),1254,동일로 752
